user_id,date,weekday,is_weekend,avg_login_hour,earliest_login_hour,after_hours_login,failed_logins,login_count,distinct_ips,files_accessed,sensitive_files_accessed,files_downloaded,usb_events,usb_first_time,usb_data_mb,transfer_mb,external_transfer_mb,department
user001,2026-05-01,4,0,9.916666666666666,9.916666666666666,0,0,1,1,11,0,2,0,0,0.0,50.0,0.0,IT Ops
user001,2026-05-02,5,1,10.433333333333334,10.433333333333334,0,0,1,1,4,0,2,0,0,0.0,74.0,74.0,IT Ops
user001,2026-05-03,6,1,,,0,0,0,0,9,0,2,0,0,0.0,37.9,0.0,IT Ops
user001,2026-05-04,0,0,11.6,11.6,0,0,1,1,17,0,2,1,1,29.0,50.0,0.0,IT Ops
user001,2026-05-05,1,0,11.283333333333333,11.283333333333333,0,0,1,1,13,0,8,0,0,0.0,76.5,0.0,IT Ops
user001,2026-05-06,2,0,10.75,10.75,0,0,1,1,17,0,4,0,0,0.0,63.5,63.5,IT Ops
user001,2026-05-07,3,0,12.016666666666667,12.016666666666667,0,0,1,1,10,0,5,0,0,0.0,47.0,0.0,IT Ops
user001,2026-05-08,4,0,10.916666666666666,10.916666666666666,0,0,1,1,9,0,3,0,0,0.0,33.6,0.0,IT Ops
user001,2026-05-09,5,1,,,0,0,0,0,11,0,2,0,0,0.0,56.5,56.5,IT Ops
user001,2026-05-10,6,1,,,0,0,0,0,13,0,1,0,0,0.0,82.5,0.0,IT Ops
user001,2026-05-11,0,0,10.983333333333333,10.983333333333333,0,0,1,1,12,0,1,0,0,0.0,46.3,0.0,IT Ops
user001,2026-05-12,1,0,11.133333333333333,11.133333333333333,0,0,1,1,10,0,4,0,0,0.0,42.7,0.0,IT Ops
user001,2026-05-13,2,0,10.783333333333333,10.783333333333333,0,0,1,1,6,0,3,0,0,0.0,54.1,0.0,IT Ops
user001,2026-05-14,3,0,11.216666666666667,11.216666666666667,0,0,1,1,9,0,2,0,0,0.0,59.3,0.0,IT Ops
user001,2026-05-15,4,0,10.4,10.4,0,0,1,1,6,0,2,0,0,0.0,30.9,0.0,IT Ops
user001,2026-05-16,5,1,,,0,0,0,0,5,0,2,0,0,0.0,52.6,52.6,IT Ops
user001,2026-05-17,6,1,,,0,0,0,0,9,0,3,0,0,0.0,75.4,0.0,IT Ops
user001,2026-05-18,0,0,10.0,10.0,0,0,1,1,8,0,3,0,0,0.0,48.9,48.9,IT Ops
user001,2026-05-19,1,0,10.7,10.7,0,0,1,1,11,0,2,0,0,0.0,44.0,0.0,IT Ops
user001,2026-05-20,2,0,10.883333333333333,10.883333333333333,0,0,1,1,14,0,1,0,0,0.0,42.6,0.0,IT Ops
user001,2026-05-21,3,0,10.55,10.55,0,0,1,1,9,0,3,0,0,0.0,73.9,73.9,IT Ops
user001,2026-05-22,4,0,10.433333333333334,10.433333333333334,0,0,1,1,1,0,0,0,0,0.0,64.6,0.0,IT Ops
user001,2026-05-23,5,1,,,0,0,0,0,5,0,1,0,0,0.0,73.5,0.0,IT Ops
user001,2026-05-24,6,1,,,0,0,0,0,6,0,4,0,0,0.0,63.4,0.0,IT Ops
user001,2026-05-25,0,0,10.366666666666667,10.366666666666667,0,0,1,1,11,0,3,0,0,0.0,71.8,71.8,IT Ops
user001,2026-05-26,1,0,10.266666666666667,10.266666666666667,0,0,1,1,15,0,6,0,0,0.0,66.7,0.0,IT Ops
user001,2026-05-27,2,0,10.966666666666667,10.966666666666667,0,0,1,1,18,0,10,1,1,36.0,53.8,0.0,IT Ops
user001,2026-05-28,3,0,10.983333333333333,10.983333333333333,0,0,1,1,5,0,3,0,0,0.0,36.0,0.0,IT Ops
user001,2026-05-29,4,0,11.116666666666667,11.116666666666667,0,0,1,1,9,0,4,0,0,0.0,52.1,0.0,IT Ops
user001,2026-05-30,5,1,,,0,0,0,0,1,0,0,0,0,0.0,63.5,0.0,IT Ops
user001,2026-05-31,6,1,,,0,0,0,0,10,0,4,0,0,0.0,55.3,55.3,IT Ops
user001,2026-06-01,0,0,10.016666666666667,10.016666666666667,0,0,1,1,1,0,1,0,0,0.0,48.6,0.0,IT Ops
user001,2026-06-02,1,0,11.783333333333333,11.783333333333333,0,0,1,1,6,0,5,0,0,0.0,66.7,0.0,IT Ops
user001,2026-06-03,2,0,10.916666666666666,10.916666666666666,0,0,1,1,10,0,0,0,0,0.0,70.6,0.0,IT Ops
user001,2026-06-04,3,0,11.183333333333334,11.183333333333334,0,0,1,1,4,0,1,0,0,0.0,70.9,70.9,IT Ops
user001,2026-06-05,4,0,10.283333333333333,10.283333333333333,0,0,1,1,8,0,4,0,0,0.0,51.0,0.0,IT Ops
user001,2026-06-06,5,1,,,0,0,0,0,11,0,3,0,0,0.0,86.5,86.5,IT Ops
user001,2026-06-07,6,1,,,0,0,0,0,9,0,1,0,0,0.0,61.7,61.7,IT Ops
user001,2026-06-08,0,0,11.9,11.9,0,0,1,1,12,0,5,0,0,0.0,52.0,0.0,IT Ops
user001,2026-06-09,1,0,10.45,10.45,0,0,1,1,10,0,3,0,0,0.0,38.1,0.0,IT Ops
user001,2026-06-10,2,0,11.15,11.15,0,0,1,1,10,0,4,0,0,0.0,81.2,0.0,IT Ops
user001,2026-06-11,3,0,10.95,10.95,0,0,1,1,6,0,3,0,0,0.0,43.6,0.0,IT Ops
user001,2026-06-12,4,0,10.1,10.1,0,0,1,1,8,0,4,0,0,0.0,44.3,0.0,IT Ops
user001,2026-06-13,5,1,,,0,0,0,0,11,0,5,0,0,0.0,76.0,0.0,IT Ops
user001,2026-06-14,6,1,,,0,0,0,0,13,0,3,0,0,0.0,74.9,0.0,IT Ops
user001,2026-06-15,0,0,10.266666666666667,10.266666666666667,0,0,1,1,13,0,3,0,0,0.0,77.3,0.0,IT Ops
user001,2026-06-16,1,0,10.9,10.9,0,0,1,1,8,0,2,0,0,0.0,70.8,0.0,IT Ops
user001,2026-06-17,2,0,10.766666666666667,10.766666666666667,0,0,1,1,6,0,1,0,0,0.0,81.3,0.0,IT Ops
user001,2026-06-18,3,0,10.266666666666667,10.266666666666667,0,0,1,1,10,0,3,0,0,0.0,55.6,0.0,IT Ops
user001,2026-06-19,4,0,10.466666666666667,10.466666666666667,0,0,1,1,4,0,0,0,0,0.0,41.2,0.0,IT Ops
user001,2026-06-20,5,1,,,0,0,0,0,13,0,4,0,0,0.0,66.4,0.0,IT Ops
user001,2026-06-21,6,1,,,0,0,0,0,12,0,3,0,0,0.0,61.2,0.0,IT Ops
user001,2026-06-22,0,0,10.266666666666667,10.266666666666667,0,0,1,1,15,0,3,1,1,5.6,66.9,0.0,IT Ops
user001,2026-06-23,1,0,11.3,11.3,0,0,1,1,9,0,1,0,0,0.0,67.0,0.0,IT Ops
user001,2026-06-24,2,0,10.533333333333333,10.533333333333333,0,0,1,1,11,0,3,0,0,0.0,73.3,0.0,IT Ops
user001,2026-06-25,3,0,10.55,10.55,0,0,1,1,3,0,2,0,0,0.0,73.9,0.0,IT Ops
user001,2026-06-26,4,0,10.983333333333333,10.983333333333333,0,0,1,1,9,0,1,0,0,0.0,79.4,79.4,IT Ops
user001,2026-06-27,5,1,,,0,0,0,0,15,0,3,0,0,0.0,58.7,0.0,IT Ops
user001,2026-06-28,6,1,,,0,0,0,0,5,0,1,0,0,0.0,43.5,43.5,IT Ops
user001,2026-06-29,0,0,10.866666666666667,10.866666666666667,0,0,1,1,13,0,3,1,1,11.0,61.1,0.0,IT Ops
user002,2026-05-01,4,0,10.633333333333333,10.633333333333333,0,0,1,1,13,2,7,0,0,0.0,39.1,0.0,Legal
user002,2026-05-02,5,1,,,0,0,0,0,20,3,6,1,1,24.2,21.4,0.0,Legal
user002,2026-05-03,6,1,,,0,0,0,0,17,4,3,0,0,0.0,1.0,0.0,Legal
user002,2026-05-04,0,0,10.333333333333334,10.333333333333334,0,0,1,1,17,0,4,0,0,0.0,1.0,0.0,Legal
user002,2026-05-05,1,0,10.466666666666667,10.466666666666667,0,0,1,1,10,2,4,0,0,0.0,1.0,1.0,Legal
user002,2026-05-06,2,0,11.066666666666666,11.066666666666666,0,0,1,1,10,2,1,0,0,0.0,18.3,0.0,Legal
user002,2026-05-07,3,0,10.516666666666667,10.516666666666667,0,0,1,1,11,4,5,0,0,0.0,36.8,0.0,Legal
user002,2026-05-08,4,0,10.566666666666666,10.566666666666666,0,0,1,1,12,4,1,0,0,0.0,41.1,0.0,Legal
user002,2026-05-09,5,1,,,0,0,0,0,14,3,6,0,0,0.0,10.3,0.0,Legal
user002,2026-05-10,6,1,,,0,0,0,0,17,4,6,0,0,0.0,17.7,0.0,Legal
user002,2026-05-11,0,0,10.416666666666666,10.416666666666666,0,0,1,1,11,1,5,0,0,0.0,29.6,0.0,Legal
user002,2026-05-12,1,0,11.15,11.15,0,0,1,1,14,4,6,1,1,31.5,1.1,0.0,Legal
user002,2026-05-13,2,0,10.733333333333333,10.733333333333333,0,0,1,1,13,3,4,0,0,0.0,1.0,0.0,Legal
user002,2026-05-14,3,0,10.083333333333334,10.083333333333334,0,0,1,1,13,2,2,0,0,0.0,41.9,0.0,Legal
user002,2026-05-15,4,0,10.516666666666667,10.516666666666667,0,0,1,1,8,2,1,1,1,10.1,50.4,0.0,Legal
user002,2026-05-16,5,1,,,0,0,0,0,19,2,7,0,0,0.0,1.0,0.0,Legal
user002,2026-05-17,6,1,,,0,0,0,0,11,2,3,0,0,0.0,59.2,0.0,Legal
user002,2026-05-18,0,0,10.666666666666666,10.666666666666666,0,0,1,1,20,5,10,0,0,0.0,17.5,0.0,Legal
user002,2026-05-19,1,0,11.183333333333334,11.183333333333334,0,0,1,1,3,0,2,0,0,0.0,31.7,0.0,Legal
user002,2026-05-20,2,0,10.633333333333333,10.633333333333333,0,0,1,1,10,0,2,0,0,0.0,22.2,0.0,Legal
user002,2026-05-21,3,0,10.55,10.55,0,0,1,1,11,4,0,0,0,0.0,16.1,0.0,Legal
user002,2026-05-22,4,0,9.983333333333333,9.983333333333333,0,0,1,1,9,4,1,0,0,0.0,11.5,0.0,Legal
user002,2026-05-23,5,1,,,0,0,0,0,14,4,5,0,0,0.0,9.8,0.0,Legal
user002,2026-05-24,6,1,,,0,0,0,0,14,3,4,0,0,0.0,18.2,0.0,Legal
user002,2026-05-25,0,0,10.216666666666667,10.216666666666667,0,0,1,1,13,3,5,0,0,0.0,12.2,0.0,Legal
user002,2026-05-26,1,0,9.966666666666667,9.966666666666667,0,0,1,1,14,5,5,0,0,0.0,34.9,0.0,Legal
user002,2026-05-27,2,0,10.233333333333333,10.233333333333333,0,0,1,1,13,7,3,0,0,0.0,12.9,0.0,Legal
user002,2026-05-28,3,0,10.483333333333333,10.483333333333333,0,0,1,1,9,4,4,0,0,0.0,7.4,0.0,Legal
user002,2026-05-29,4,0,10.916666666666666,10.916666666666666,0,0,1,1,12,3,3,0,0,0.0,30.6,0.0,Legal
user002,2026-05-30,5,1,,,0,0,0,0,14,4,3,0,0,0.0,27.6,0.0,Legal
user002,2026-05-31,6,1,,,0,0,0,0,9,1,3,1,1,21.3,1.0,0.0,Legal
user002,2026-06-01,0,0,10.25,10.25,0,0,1,1,8,1,5,0,0,0.0,43.1,0.0,Legal
user002,2026-06-02,1,0,10.216666666666667,10.216666666666667,0,0,1,1,11,4,4,0,0,0.0,25.4,0.0,Legal
user002,2026-06-03,2,0,10.35,10.35,0,0,1,1,14,4,5,0,0,0.0,11.8,0.0,Legal
user002,2026-06-04,3,0,10.833333333333334,10.833333333333334,0,0,1,1,17,4,5,0,0,0.0,14.4,0.0,Legal
user002,2026-06-05,4,0,11.166666666666666,11.166666666666666,0,0,1,1,15,2,7,0,0,0.0,30.2,0.0,Legal
user002,2026-06-06,5,1,,,0,0,0,0,19,6,5,0,0,0.0,34.8,34.8,Legal
user002,2026-06-07,6,1,,,0,0,0,0,14,2,4,0,0,0.0,21.8,0.0,Legal
user002,2026-06-08,0,0,10.45,10.45,0,0,1,1,11,3,0,0,0,0.0,38.3,0.0,Legal
user002,2026-06-09,1,0,10.633333333333333,10.633333333333333,0,0,1,1,15,6,5,0,0,0.0,48.3,0.0,Legal
user002,2026-06-10,2,0,10.95,10.95,0,0,1,1,18,7,7,0,0,0.0,18.0,0.0,Legal
user002,2026-06-11,3,0,10.266666666666667,10.266666666666667,0,0,1,1,13,2,3,0,0,0.0,11.9,0.0,Legal
user002,2026-06-12,4,0,10.3,10.3,0,0,1,1,16,2,5,0,0,0.0,12.5,0.0,Legal
user002,2026-06-13,5,1,,,0,0,0,0,15,4,5,0,0,0.0,1.0,0.0,Legal
user002,2026-06-14,6,1,,,0,0,0,0,4,2,1,0,0,0.0,46.6,0.0,Legal
user002,2026-06-15,0,0,10.833333333333334,10.833333333333334,0,0,1,1,15,9,5,0,0,0.0,22.1,22.1,Legal
user002,2026-06-16,1,0,10.7,10.7,0,0,1,1,15,3,4,0,0,0.0,11.4,0.0,Legal
user002,2026-06-17,2,0,10.033333333333333,10.033333333333333,0,0,1,1,5,0,3,0,0,0.0,7.5,7.5,Legal
user002,2026-06-18,3,0,10.25,10.25,0,0,1,1,11,3,2,0,0,0.0,1.0,0.0,Legal
user002,2026-06-19,4,0,11.1,11.1,0,0,1,1,14,4,6,0,0,0.0,13.3,0.0,Legal
user002,2026-06-20,5,1,,,0,0,0,0,11,1,3,0,0,0.0,8.1,0.0,Legal
user002,2026-06-21,6,1,,,0,0,0,0,11,2,4,0,0,0.0,43.9,0.0,Legal
user002,2026-06-22,0,0,11.383333333333333,11.383333333333333,0,0,1,1,18,6,5,0,0,0.0,1.0,0.0,Legal
user002,2026-06-23,1,0,10.933333333333334,10.933333333333334,0,0,1,1,20,8,6,0,0,0.0,1.9,0.0,Legal
user002,2026-06-24,2,0,10.433333333333334,10.433333333333334,0,0,1,1,10,3,4,0,0,0.0,22.2,0.0,Legal
user002,2026-06-25,3,0,9.716666666666667,9.716666666666667,0,0,1,1,16,7,7,0,0,0.0,6.4,0.0,Legal
user002,2026-06-26,4,0,10.033333333333333,10.033333333333333,0,0,1,1,11,3,4,0,0,0.0,2.9,0.0,Legal
user002,2026-06-27,5,1,,,0,0,0,0,20,6,7,0,0,0.0,31.0,0.0,Legal
user002,2026-06-28,6,1,,,0,0,0,0,17,6,5,0,0,0.0,45.0,45.0,Legal
user002,2026-06-29,0,0,10.666666666666666,10.666666666666666,0,0,1,1,15,6,3,0,0,0.0,6.7,0.0,Legal
user003,2026-05-01,4,0,9.366666666666667,9.366666666666667,0,0,1,1,25,6,11,0,0,0.0,25.5,25.5,Finance
user003,2026-05-02,5,1,,,0,0,0,0,23,4,6,0,0,0.0,69.1,0.0,Finance
user003,2026-05-03,6,1,,,0,0,0,0,12,4,1,0,0,0.0,59.2,0.0,Finance
user003,2026-05-04,0,0,8.5,8.5,0,0,1,1,15,3,4,0,0,0.0,67.8,0.0,Finance
user003,2026-05-05,1,0,8.3,8.3,0,0,1,1,17,2,4,0,0,0.0,31.7,0.0,Finance
user003,2026-05-06,2,0,9.533333333333333,9.533333333333333,0,0,1,1,15,0,2,0,0,0.0,75.4,0.0,Finance
user003,2026-05-07,3,0,8.733333333333333,8.733333333333333,0,0,1,1,21,3,5,0,0,0.0,57.6,0.0,Finance
user003,2026-05-08,4,0,9.316666666666666,9.316666666666666,0,0,1,1,23,6,11,0,0,0.0,42.4,0.0,Finance
user003,2026-05-09,5,1,,,0,0,0,0,16,11,8,0,0,0.0,54.4,0.0,Finance
user003,2026-05-10,6,1,,,0,0,0,0,13,2,6,0,0,0.0,97.6,0.0,Finance
user003,2026-05-11,0,0,10.25,10.25,0,0,1,1,11,4,4,1,1,10.1,80.1,0.0,Finance
user003,2026-05-12,1,0,8.616666666666667,8.616666666666667,0,0,1,1,18,2,6,0,0,0.0,68.8,68.8,Finance
user003,2026-05-13,2,0,9.366666666666667,9.366666666666667,0,0,1,1,22,5,9,0,0,0.0,67.7,0.0,Finance
user003,2026-05-14,3,0,9.533333333333333,9.533333333333333,0,0,1,1,15,2,2,0,0,0.0,29.1,0.0,Finance
user003,2026-05-15,4,0,9.45,9.45,0,0,1,1,14,3,1,0,0,0.0,65.1,0.0,Finance
user003,2026-05-16,5,1,,,0,0,0,0,13,7,5,0,0,0.0,67.0,0.0,Finance
user003,2026-05-17,6,1,,,0,0,0,0,17,3,7,0,0,0.0,63.3,0.0,Finance
user003,2026-05-18,0,0,9.4,9.4,0,0,1,1,22,9,4,0,0,0.0,55.7,55.7,Finance
user003,2026-05-19,1,0,9.95,9.95,0,0,1,1,19,4,3,0,0,0.0,46.0,0.0,Finance
user003,2026-05-20,2,0,9.5,9.5,0,0,1,1,19,4,2,0,0,0.0,57.3,0.0,Finance
user003,2026-05-21,3,0,9.5,9.5,0,0,1,1,18,8,6,1,0,10.1,57.7,57.7,Finance
user003,2026-05-22,4,0,9.283333333333333,9.283333333333333,0,0,1,1,15,3,3,0,0,0.0,52.9,0.0,Finance
user003,2026-05-23,5,1,,,0,0,0,0,13,5,4,0,0,0.0,56.3,0.0,Finance
user003,2026-05-24,6,1,,,0,0,0,0,16,4,4,0,0,0.0,56.5,0.0,Finance
user003,2026-05-25,0,0,9.833333333333334,9.833333333333334,0,0,1,1,23,5,4,0,0,0.0,65.9,0.0,Finance
user003,2026-05-26,1,0,10.633333333333333,10.633333333333333,0,0,1,1,13,5,3,0,0,0.0,37.0,0.0,Finance
user003,2026-05-27,2,0,10.016666666666667,10.016666666666667,0,0,1,1,23,5,7,0,0,0.0,66.1,0.0,Finance
user003,2026-05-28,3,0,9.166666666666666,9.166666666666666,0,0,1,1,20,5,7,0,0,0.0,57.9,0.0,Finance
user003,2026-05-29,4,0,9.5,9.5,0,0,1,1,17,6,4,0,0,0.0,51.2,0.0,Finance
user003,2026-05-30,5,1,,,0,0,0,0,21,7,3,0,0,0.0,46.2,0.0,Finance
user003,2026-05-31,6,1,,,0,0,0,0,15,1,7,0,0,0.0,34.8,0.0,Finance
user003,2026-06-01,0,0,9.316666666666666,9.316666666666666,0,0,1,1,17,3,6,0,0,0.0,32.6,0.0,Finance
user003,2026-06-02,1,0,8.916666666666666,8.916666666666666,0,0,1,1,12,2,4,0,0,0.0,59.5,0.0,Finance
user003,2026-06-03,2,0,8.45,8.45,0,0,1,1,20,4,8,0,0,0.0,35.3,0.0,Finance
user003,2026-06-04,3,0,8.716666666666667,8.716666666666667,0,0,1,1,21,6,6,0,0,0.0,54.3,0.0,Finance
user003,2026-06-05,4,0,8.983333333333333,8.983333333333333,0,0,1,1,20,5,5,0,0,0.0,44.0,0.0,Finance
user003,2026-06-06,5,1,,,0,0,0,0,14,5,6,1,0,38.3,55.2,0.0,Finance
user003,2026-06-07,6,1,,,0,0,0,0,23,5,7,0,0,0.0,52.7,0.0,Finance
user003,2026-06-08,0,0,8.533333333333333,8.533333333333333,0,0,1,1,13,2,7,1,0,18.9,1540.3,1540.3,Finance
user003,2026-06-09,1,0,10.0,10.0,0,0,1,1,10,2,2,0,0,0.0,46.9,0.0,Finance
user003,2026-06-10,2,0,9.416666666666666,9.416666666666666,0,0,1,1,18,5,6,0,0,0.0,67.8,0.0,Finance
user003,2026-06-11,3,0,9.45,9.45,0,0,1,1,7,2,2,0,0,0.0,67.3,0.0,Finance
user003,2026-06-12,4,0,8.583333333333334,8.583333333333334,0,0,1,1,13,4,5,0,0,0.0,60.5,0.0,Finance
user003,2026-06-13,5,1,,,0,0,0,0,18,4,5,0,0,0.0,43.3,0.0,Finance
user003,2026-06-14,6,1,,,0,0,0,0,14,2,3,0,0,0.0,64.4,0.0,Finance
user003,2026-06-15,0,0,9.516666666666667,9.516666666666667,0,0,1,1,13,6,2,0,0,0.0,16.7,16.7,Finance
user003,2026-06-16,1,0,8.85,8.85,0,0,1,1,17,3,5,0,0,0.0,52.3,0.0,Finance
user003,2026-06-17,2,0,8.616666666666667,8.616666666666667,0,0,1,1,17,6,5,0,0,0.0,47.4,0.0,Finance
user003,2026-06-18,3,0,10.05,10.05,0,0,1,1,13,3,4,0,0,0.0,67.9,0.0,Finance
user003,2026-06-19,4,0,8.883333333333333,8.883333333333333,0,0,1,1,14,3,3,0,0,0.0,32.0,0.0,Finance
user003,2026-06-20,5,1,,,0,0,0,0,14,4,5,0,0,0.0,49.1,0.0,Finance
user003,2026-06-21,6,1,,,0,0,0,0,21,8,3,0,0,0.0,59.4,0.0,Finance
user003,2026-06-22,0,0,9.633333333333333,9.633333333333333,0,0,1,1,22,5,9,0,0,0.0,28.5,0.0,Finance
user003,2026-06-23,1,0,10.383333333333333,10.383333333333333,0,0,1,1,19,9,7,0,0,0.0,72.5,0.0,Finance
user003,2026-06-24,2,0,9.466666666666667,9.466666666666667,0,0,1,1,16,1,6,0,0,0.0,56.5,0.0,Finance
user003,2026-06-25,3,0,10.216666666666667,10.216666666666667,0,0,1,1,15,4,3,0,0,0.0,39.6,0.0,Finance
user003,2026-06-26,4,0,8.45,8.45,0,0,1,1,19,5,3,0,0,0.0,45.4,0.0,Finance
user003,2026-06-27,5,1,,,0,0,0,0,13,5,1,0,0,0.0,46.2,0.0,Finance
user003,2026-06-28,6,1,,,0,0,0,0,16,5,2,0,0,0.0,47.5,0.0,Finance
user003,2026-06-29,0,0,9.35,9.35,0,0,1,1,19,6,7,0,0,0.0,68.0,68.0,Finance
user004,2026-05-01,4,0,10.0,10.0,0,0,1,1,10,0,3,0,0,0.0,49.3,0.0,Engineering
user004,2026-05-02,5,1,,,0,0,0,0,5,0,3,0,0,0.0,42.4,0.0,Engineering
user004,2026-05-03,6,1,,,0,0,0,0,9,0,0,0,0,0.0,23.2,23.2,Engineering
user004,2026-05-04,0,0,9.583333333333334,9.583333333333334,0,0,1,1,9,0,0,0,0,0.0,11.5,0.0,Engineering
user004,2026-05-05,1,0,8.85,8.85,0,0,1,1,14,0,4,0,0,0.0,19.6,0.0,Engineering
user004,2026-05-06,2,0,8.65,8.65,0,0,1,1,10,0,5,0,0,0.0,26.6,26.6,Engineering
user004,2026-05-07,3,0,9.616666666666667,9.616666666666667,0,0,1,1,9,0,1,0,0,0.0,30.4,0.0,Engineering
user004,2026-05-08,4,0,9.016666666666667,9.016666666666667,0,0,1,1,11,0,5,0,0,0.0,41.5,0.0,Engineering
user004,2026-05-09,5,1,,,0,0,0,0,17,0,6,0,0,0.0,21.1,0.0,Engineering
user004,2026-05-10,6,1,,,0,0,0,0,5,0,2,0,0,0.0,27.9,0.0,Engineering
user004,2026-05-11,0,0,10.183333333333334,10.183333333333334,0,0,1,1,10,0,5,0,0,0.0,29.7,0.0,Engineering
user004,2026-05-12,1,0,8.016666666666667,8.016666666666667,0,0,1,1,4,0,2,0,0,0.0,29.0,0.0,Engineering
user004,2026-05-13,2,0,8.366666666666667,8.366666666666667,0,0,1,1,10,0,3,1,0,19.4,44.5,0.0,Engineering
user004,2026-05-14,3,0,10.716666666666667,10.716666666666667,0,0,1,1,12,0,3,0,0,0.0,27.4,0.0,Engineering
user004,2026-05-15,4,0,10.183333333333334,10.183333333333334,0,0,1,1,5,0,2,0,0,0.0,41.4,0.0,Engineering
user004,2026-05-16,5,1,,,0,0,0,0,7,0,2,0,0,0.0,31.7,0.0,Engineering
user004,2026-05-17,6,1,,,0,0,0,0,16,0,3,0,0,0.0,41.2,0.0,Engineering
user004,2026-05-18,0,0,9.4,9.4,0,0,1,1,10,0,2,0,0,0.0,16.8,16.8,Engineering
user004,2026-05-19,1,0,9.05,9.05,0,0,1,1,12,0,3,1,0,18.7,6.4,0.0,Engineering
user004,2026-05-20,2,0,10.25,10.25,0,0,1,1,7,0,1,0,0,0.0,4.8,0.0,Engineering
user004,2026-05-21,3,0,8.233333333333333,8.233333333333333,0,0,1,1,3,0,1,0,0,0.0,45.0,45.0,Engineering
user004,2026-05-22,4,0,10.516666666666667,10.516666666666667,0,0,1,1,7,0,2,0,0,0.0,24.6,24.6,Engineering
user004,2026-05-23,5,1,,,0,0,0,0,12,0,3,0,0,0.0,45.0,0.0,Engineering
user004,2026-05-24,6,1,,,0,0,0,0,9,0,1,0,0,0.0,7.7,0.0,Engineering
user004,2026-05-25,0,0,10.433333333333334,10.433333333333334,0,0,1,1,8,0,2,0,0,0.0,1.0,1.0,Engineering
user004,2026-05-26,1,0,10.15,10.15,0,0,1,1,7,0,2,0,0,0.0,28.5,0.0,Engineering
user004,2026-05-27,2,0,9.566666666666666,9.566666666666666,0,0,1,1,3,0,0,0,0,0.0,30.7,0.0,Engineering
user004,2026-05-28,3,0,9.966666666666667,9.966666666666667,0,0,1,1,5,0,1,0,0,0.0,30.0,0.0,Engineering
user004,2026-05-29,4,0,11.75,11.75,0,0,1,1,16,0,7,0,0,0.0,31.4,31.4,Engineering
user004,2026-05-30,5,1,,,0,0,0,0,5,0,1,0,0,0.0,11.0,0.0,Engineering
user004,2026-05-31,6,1,,,0,0,0,0,7,0,0,0,0,0.0,42.2,0.0,Engineering
user004,2026-06-01,0,0,8.566666666666666,8.566666666666666,0,0,1,1,9,0,2,0,0,0.0,55.8,0.0,Engineering
user004,2026-06-02,1,0,8.966666666666667,8.966666666666667,0,0,1,1,5,0,0,0,0,0.0,44.4,44.4,Engineering
user004,2026-06-03,2,0,8.4,8.4,0,0,1,1,5,0,1,0,0,0.0,31.0,0.0,Engineering
user004,2026-06-04,3,0,9.45,9.45,0,0,1,1,16,0,6,1,0,29.9,29.6,0.0,Engineering
user004,2026-06-05,4,0,8.033333333333333,8.033333333333333,0,0,1,1,11,0,4,0,0,0.0,52.5,52.5,Engineering
user004,2026-06-06,5,1,,,0,0,0,0,7,0,2,0,0,0.0,6.4,0.0,Engineering
user004,2026-06-07,6,1,,,0,0,0,0,15,0,2,1,0,27.7,1.0,1.0,Engineering
user004,2026-06-08,0,0,9.7,9.7,0,0,1,1,8,0,2,0,0,0.0,31.9,0.0,Engineering
user004,2026-06-09,1,0,9.2,9.2,0,0,1,1,9,0,2,0,0,0.0,10.9,0.0,Engineering
user004,2026-06-10,2,0,9.166666666666666,9.166666666666666,0,0,1,1,15,0,4,0,0,0.0,16.2,0.0,Engineering
user004,2026-06-11,3,0,9.25,9.25,0,0,1,1,8,0,3,0,0,0.0,5.5,0.0,Engineering
user004,2026-06-12,4,0,8.966666666666667,8.966666666666667,0,0,1,1,6,0,3,0,0,0.0,19.5,0.0,Engineering
user004,2026-06-13,5,1,,,0,0,0,0,5,0,4,0,0,0.0,43.9,0.0,Engineering
user004,2026-06-14,6,1,,,0,0,0,0,4,0,0,0,0,0.0,44.4,0.0,Engineering
user004,2026-06-15,0,0,9.483333333333333,9.483333333333333,0,0,1,1,10,0,3,0,0,0.0,6.0,0.0,Engineering
user004,2026-06-16,1,0,9.033333333333333,9.033333333333333,0,0,1,1,12,0,4,0,0,0.0,8.0,8.0,Engineering
user004,2026-06-17,2,0,8.066666666666666,8.066666666666666,0,0,1,1,6,0,1,0,0,0.0,44.1,0.0,Engineering
user004,2026-06-18,3,0,9.033333333333333,9.033333333333333,0,0,1,1,11,0,7,0,0,0.0,17.0,0.0,Engineering
user004,2026-06-19,4,0,8.866666666666667,8.866666666666667,0,0,1,1,9,0,5,0,0,0.0,1.4,0.0,Engineering
user004,2026-06-20,5,1,,,0,0,0,0,11,0,3,0,0,0.0,40.7,0.0,Engineering
user004,2026-06-21,6,1,,,0,0,0,0,11,0,5,1,0,39.8,22.5,0.0,Engineering
user004,2026-06-22,0,0,10.916666666666666,10.916666666666666,0,0,1,1,8,0,5,0,0,0.0,56.6,56.6,Engineering
user004,2026-06-23,1,0,9.716666666666667,9.716666666666667,0,0,1,1,3,0,1,0,0,0.0,9.5,0.0,Engineering
user004,2026-06-24,2,0,9.5,9.5,0,0,1,1,15,0,3,0,0,0.0,50.9,0.0,Engineering
user004,2026-06-25,3,0,9.966666666666667,9.966666666666667,0,0,1,1,13,0,4,0,0,0.0,9.0,0.0,Engineering
user004,2026-06-26,4,0,8.666666666666666,8.666666666666666,0,0,1,1,10,0,3,0,0,0.0,24.5,24.5,Engineering
user004,2026-06-27,5,1,,,0,0,0,0,5,0,2,0,0,0.0,17.5,0.0,Engineering
user004,2026-06-28,6,1,,,0,0,0,0,8,0,6,0,0,0.0,1.0,0.0,Engineering
user004,2026-06-29,0,0,10.866666666666667,10.866666666666667,0,0,1,1,12,0,4,0,0,0.0,62.8,0.0,Engineering
user005,2026-05-01,4,0,10.466666666666667,10.466666666666667,0,0,1,1,12,3,3,0,0,0.0,28.8,28.8,HR
user005,2026-05-02,5,1,,,0,0,0,0,8,2,3,0,0,0.0,63.5,63.5,HR
user005,2026-05-03,6,1,,,0,0,0,0,15,0,7,0,0,0.0,56.6,56.6,HR
user005,2026-05-04,0,0,11.0,11.0,0,0,1,1,15,2,5,0,0,0.0,64.2,64.2,HR
user005,2026-05-05,1,0,10.883333333333333,10.883333333333333,0,0,1,1,21,5,6,0,0,0.0,59.5,0.0,HR
user005,2026-05-06,2,0,11.083333333333334,11.083333333333334,0,0,1,1,4,2,1,0,0,0.0,59.4,0.0,HR
user005,2026-05-07,3,0,10.116666666666667,10.116666666666667,0,0,1,1,18,2,6,0,0,0.0,47.6,47.6,HR
user005,2026-05-08,4,0,9.983333333333333,9.983333333333333,0,0,1,1,6,1,4,0,0,0.0,94.6,0.0,HR
user005,2026-05-09,5,1,,,0,0,0,0,4,2,2,0,0,0.0,63.1,0.0,HR
user005,2026-05-10,6,1,,,0,0,0,0,10,2,6,0,0,0.0,35.3,0.0,HR
user005,2026-05-11,0,0,9.233333333333333,9.233333333333333,0,0,1,1,15,6,6,0,0,0.0,69.7,0.0,HR
user005,2026-05-12,1,0,10.683333333333334,10.683333333333334,0,0,1,1,8,0,2,0,0,0.0,61.3,0.0,HR
user005,2026-05-13,2,0,9.766666666666667,9.766666666666667,0,0,1,1,10,3,0,0,0,0.0,70.0,0.0,HR
user005,2026-05-14,3,0,9.6,9.6,0,0,1,1,11,4,5,0,0,0.0,57.0,0.0,HR
user005,2026-05-15,4,0,10.183333333333334,10.183333333333334,0,0,1,1,11,3,3,0,0,0.0,52.9,0.0,HR
user005,2026-05-16,5,1,,,0,0,0,0,10,3,2,0,0,0.0,56.1,0.0,HR
user005,2026-05-17,6,1,,,0,0,0,0,19,4,7,0,0,0.0,62.5,0.0,HR
user005,2026-05-18,0,0,9.883333333333333,9.883333333333333,0,0,1,1,16,3,6,0,0,0.0,43.6,0.0,HR
user005,2026-05-19,1,0,9.916666666666666,9.916666666666666,0,0,1,1,3,1,0,0,0,0.0,67.9,0.0,HR
user005,2026-05-20,2,0,11.283333333333333,11.283333333333333,0,0,1,1,15,3,2,0,0,0.0,68.3,68.3,HR
user005,2026-05-21,3,0,9.65,9.65,0,0,1,1,12,5,4,0,0,0.0,71.1,0.0,HR
user005,2026-05-22,4,0,9.883333333333333,9.883333333333333,0,0,1,1,16,2,5,0,0,0.0,78.2,78.2,HR
user005,2026-05-23,5,1,,,0,0,0,0,8,1,3,0,0,0.0,85.8,0.0,HR
user005,2026-05-24,6,1,,,0,0,0,0,14,1,2,0,0,0.0,82.5,0.0,HR
user005,2026-05-25,0,0,10.383333333333333,10.383333333333333,0,0,1,1,15,3,7,0,0,0.0,78.5,0.0,HR
user005,2026-05-26,1,0,10.033333333333333,10.033333333333333,0,0,1,1,7,1,3,0,0,0.0,84.9,0.0,HR
user005,2026-05-27,2,0,10.066666666666666,10.066666666666666,0,0,1,1,11,5,1,0,0,0.0,66.3,0.0,HR
user005,2026-05-28,3,0,10.983333333333333,10.983333333333333,0,0,1,1,14,3,3,0,0,0.0,31.1,31.1,HR
user005,2026-05-29,4,0,10.75,10.75,0,0,1,1,12,2,4,0,0,0.0,70.6,0.0,HR
user005,2026-05-30,5,1,,,0,0,0,0,14,6,2,0,0,0.0,54.1,54.1,HR
user005,2026-05-31,6,1,,,0,0,0,0,10,1,3,0,0,0.0,87.9,0.0,HR
user005,2026-06-01,0,0,10.866666666666667,10.866666666666667,0,0,1,1,10,1,1,0,0,0.0,77.7,0.0,HR
user005,2026-06-02,1,0,9.666666666666666,9.666666666666666,0,0,1,1,10,3,6,0,0,0.0,72.7,72.7,HR
user005,2026-06-03,2,0,9.75,9.75,0,0,1,1,7,1,1,0,0,0.0,83.9,0.0,HR
user005,2026-06-04,3,0,10.033333333333333,10.033333333333333,0,0,1,1,14,0,5,0,0,0.0,50.8,0.0,HR
user005,2026-06-05,4,0,10.716666666666667,10.716666666666667,0,0,1,1,14,0,5,0,0,0.0,74.7,0.0,HR
user005,2026-06-06,5,1,,,0,0,0,0,8,2,2,0,0,0.0,67.6,0.0,HR
user005,2026-06-07,6,1,,,0,0,0,0,12,3,5,0,0,0.0,58.8,0.0,HR
user005,2026-06-08,0,0,10.183333333333334,10.183333333333334,0,0,1,1,1,1,0,0,0,0.0,71.3,0.0,HR
user005,2026-06-09,1,0,10.5,10.5,0,0,1,1,10,4,1,0,0,0.0,78.3,0.0,HR
user005,2026-06-10,2,0,9.7,9.7,0,0,1,1,12,1,3,0,0,0.0,83.6,0.0,HR
user005,2026-06-11,3,0,10.333333333333334,10.333333333333334,0,0,1,1,11,6,1,0,0,0.0,53.6,0.0,HR
user005,2026-06-12,4,0,10.166666666666666,10.166666666666666,0,0,1,1,13,6,4,0,0,0.0,62.1,0.0,HR
user005,2026-06-13,5,1,,,0,0,0,0,17,3,3,1,0,10.1,66.4,0.0,HR
user005,2026-06-14,6,1,,,0,0,0,0,10,3,1,0,0,0.0,83.1,0.0,HR
user005,2026-06-15,0,0,9.316666666666666,9.316666666666666,0,0,1,1,15,7,4,0,0,0.0,61.3,0.0,HR
user005,2026-06-16,1,0,11.316666666666666,11.316666666666666,0,0,1,1,13,4,3,0,0,0.0,75.9,0.0,HR
user005,2026-06-17,2,0,9.0,9.0,0,0,1,1,10,2,2,0,0,0.0,49.4,0.0,HR
user005,2026-06-18,3,0,9.916666666666666,9.916666666666666,0,0,1,1,12,3,3,0,0,0.0,72.9,0.0,HR
user005,2026-06-19,4,0,10.383333333333333,10.383333333333333,0,0,1,1,10,4,6,0,0,0.0,29.5,0.0,HR
user005,2026-06-20,5,1,,,0,0,0,0,15,3,6,0,0,0.0,73.6,0.0,HR
user005,2026-06-21,6,1,,,0,0,0,0,12,3,3,0,0,0.0,62.1,0.0,HR
user005,2026-06-22,0,0,10.2,10.2,0,0,1,1,12,2,2,0,0,0.0,61.0,0.0,HR
user005,2026-06-23,1,0,9.883333333333333,9.883333333333333,0,0,1,1,9,0,3,0,0,0.0,85.5,0.0,HR
user005,2026-06-24,2,0,9.083333333333334,9.083333333333334,0,0,1,1,18,7,5,0,0,0.0,85.1,0.0,HR
user005,2026-06-25,3,0,10.733333333333333,10.733333333333333,0,0,1,1,20,7,7,0,0,0.0,67.8,0.0,HR
user005,2026-06-26,4,0,9.466666666666667,9.466666666666667,0,0,1,1,5,2,0,0,0,0.0,51.6,0.0,HR
user005,2026-06-27,5,1,,,0,0,0,0,9,2,3,0,0,0.0,57.3,0.0,HR
user005,2026-06-28,6,1,,,0,0,0,0,12,1,4,0,0,0.0,64.9,0.0,HR
user005,2026-06-29,0,0,9.633333333333333,9.633333333333333,0,0,1,1,6,2,2,0,0,0.0,47.2,0.0,HR
user006,2026-05-01,4,0,10.366666666666667,10.366666666666667,0,0,1,1,18,5,6,0,0,0.0,72.6,0.0,Legal
user006,2026-05-02,5,1,,,0,0,0,0,21,4,6,0,0,0.0,30.8,0.0,Legal
user006,2026-05-03,6,1,,,0,0,0,0,21,8,3,0,0,0.0,45.6,45.6,Legal
user006,2026-05-04,0,0,10.283333333333333,10.283333333333333,0,0,1,1,23,4,8,0,0,0.0,40.3,0.0,Legal
user006,2026-05-05,1,0,10.15,10.15,0,0,1,1,19,5,6,0,0,0.0,40.5,0.0,Legal
user006,2026-05-06,2,0,10.2,10.2,0,0,1,1,10,5,2,0,0,0.0,50.6,50.6,Legal
user006,2026-05-07,3,0,10.6,10.6,0,0,1,1,25,6,8,0,0,0.0,47.6,0.0,Legal
user006,2026-05-08,4,0,9.35,9.35,0,0,1,1,15,5,4,0,0,0.0,84.3,0.0,Legal
user006,2026-05-09,5,1,,,0,0,0,0,21,4,8,0,0,0.0,51.3,51.3,Legal
user006,2026-05-10,6,1,,,0,0,0,0,15,5,4,0,0,0.0,67.3,0.0,Legal
user006,2026-05-11,0,0,9.8,9.8,0,0,1,1,22,5,7,0,0,0.0,55.5,0.0,Legal
user006,2026-05-12,1,0,9.416666666666666,9.416666666666666,0,0,1,1,26,8,8,0,0,0.0,63.9,63.9,Legal
user006,2026-05-13,2,0,10.266666666666667,10.266666666666667,0,0,1,1,11,5,4,0,0,0.0,60.1,60.1,Legal
user006,2026-05-14,3,0,9.933333333333334,9.933333333333334,0,0,1,1,21,5,2,0,0,0.0,59.3,0.0,Legal
user006,2026-05-15,4,0,9.716666666666667,9.716666666666667,0,0,1,1,20,7,2,0,0,0.0,44.7,0.0,Legal
user006,2026-05-16,5,1,,,0,0,0,0,18,8,7,0,0,0.0,44.1,0.0,Legal
user006,2026-05-17,6,1,,,0,0,0,0,24,4,10,0,0,0.0,31.8,0.0,Legal
user006,2026-05-18,0,0,10.766666666666667,10.766666666666667,0,0,1,1,21,3,8,0,0,0.0,38.2,0.0,Legal
user006,2026-05-19,1,0,10.233333333333333,10.233333333333333,0,0,1,1,19,7,5,0,0,0.0,38.9,38.9,Legal
user006,2026-05-20,2,0,9.916666666666666,9.916666666666666,0,0,1,1,24,7,5,0,0,0.0,40.4,0.0,Legal
user006,2026-05-21,3,0,10.05,10.05,0,0,1,1,14,6,3,0,0,0.0,63.3,0.0,Legal
user006,2026-05-22,4,0,9.966666666666667,9.966666666666667,0,0,1,1,15,5,3,0,0,0.0,40.2,0.0,Legal
user006,2026-05-23,5,1,,,0,0,0,0,20,5,3,0,0,0.0,37.0,0.0,Legal
user006,2026-05-24,6,1,,,0,0,0,0,23,2,7,0,0,0.0,53.0,0.0,Legal
user006,2026-05-25,0,0,9.583333333333334,9.583333333333334,0,0,1,1,15,3,1,0,0,0.0,79.5,0.0,Legal
user006,2026-05-26,1,0,11.683333333333334,11.683333333333334,0,0,1,1,28,5,8,0,0,0.0,42.7,0.0,Legal
user006,2026-05-27,2,0,9.85,9.85,0,0,1,1,15,4,8,0,0,0.0,9.9,0.0,Legal
user006,2026-05-28,3,0,11.283333333333333,11.283333333333333,0,0,1,1,19,4,2,0,0,0.0,54.8,0.0,Legal
user006,2026-05-29,4,0,10.133333333333333,10.133333333333333,0,0,1,1,13,3,2,0,0,0.0,80.2,0.0,Legal
user006,2026-05-30,5,1,,,0,0,0,0,18,6,4,0,0,0.0,57.1,0.0,Legal
user006,2026-05-31,6,1,,,0,0,0,0,17,6,8,1,1,20.5,49.2,0.0,Legal
user006,2026-06-01,0,0,9.55,9.55,0,0,1,1,14,3,4,0,0,0.0,52.8,0.0,Legal
user006,2026-06-02,1,0,9.566666666666666,9.566666666666666,0,0,1,1,20,3,6,0,0,0.0,58.1,0.0,Legal
user006,2026-06-03,2,0,9.8,9.8,0,0,1,1,22,4,8,0,0,0.0,46.0,0.0,Legal
user006,2026-06-04,3,0,9.966666666666667,9.966666666666667,0,0,1,1,21,9,6,0,0,0.0,42.5,42.5,Legal
user006,2026-06-05,4,0,9.7,9.7,0,0,1,1,17,4,5,0,0,0.0,46.6,0.0,Legal
user006,2026-06-06,5,1,,,0,0,0,0,20,4,7,0,0,0.0,31.8,0.0,Legal
user006,2026-06-07,6,1,,,0,0,0,0,17,5,2,0,0,0.0,44.5,0.0,Legal
user006,2026-06-08,0,0,10.283333333333333,10.283333333333333,0,0,1,1,22,4,5,0,0,0.0,42.0,0.0,Legal
user006,2026-06-09,1,0,10.05,10.05,0,0,1,1,16,4,4,0,0,0.0,45.9,0.0,Legal
user006,2026-06-10,2,0,9.916666666666666,9.916666666666666,0,0,1,1,17,1,8,0,0,0.0,66.4,0.0,Legal
user006,2026-06-11,3,0,10.35,10.35,0,0,1,1,14,4,5,0,0,0.0,58.5,58.5,Legal
user006,2026-06-12,4,0,10.4,10.4,0,0,1,1,14,4,8,0,0,0.0,31.4,0.0,Legal
user006,2026-06-13,5,1,,,0,0,0,0,19,4,5,0,0,0.0,32.5,0.0,Legal
user006,2026-06-14,6,1,,,0,0,0,0,19,3,10,1,1,19.2,59.0,59.0,Legal
user006,2026-06-15,0,0,10.0,10.0,0,0,1,1,22,7,4,0,0,0.0,76.6,0.0,Legal
user006,2026-06-16,1,0,9.866666666666667,9.866666666666667,0,0,1,1,15,7,1,0,0,0.0,55.8,0.0,Legal
user006,2026-06-17,2,0,10.866666666666667,10.866666666666667,0,0,1,1,18,7,5,0,0,0.0,54.7,0.0,Legal
user006,2026-06-18,3,0,9.4,9.4,0,0,1,1,18,3,5,0,0,0.0,56.1,0.0,Legal
user006,2026-06-19,4,0,10.8,10.8,0,0,1,1,18,4,10,0,0,0.0,63.3,0.0,Legal
user006,2026-06-20,5,1,,,0,0,0,0,19,2,5,0,0,0.0,24.8,0.0,Legal
user006,2026-06-21,6,1,,,0,0,0,0,19,1,5,0,0,0.0,52.3,0.0,Legal
user006,2026-06-22,0,0,10.55,10.55,0,0,1,1,21,4,5,0,0,0.0,65.1,0.0,Legal
user006,2026-06-23,1,0,9.916666666666666,9.916666666666666,0,0,1,1,17,2,6,0,0,0.0,72.2,0.0,Legal
user006,2026-06-24,2,0,9.866666666666667,9.866666666666667,0,0,1,1,17,7,4,0,0,0.0,49.4,0.0,Legal
user006,2026-06-25,3,0,10.583333333333334,10.583333333333334,0,0,1,1,24,7,7,0,0,0.0,20.1,0.0,Legal
user006,2026-06-26,4,0,11.116666666666667,11.116666666666667,0,0,1,1,18,8,5,0,0,0.0,29.4,0.0,Legal
user006,2026-06-27,5,1,,,0,0,0,0,26,4,3,0,0,0.0,80.9,0.0,Legal
user006,2026-06-28,6,1,,,0,0,0,0,19,1,6,0,0,0.0,25.0,0.0,Legal
user006,2026-06-29,0,0,9.983333333333333,9.983333333333333,0,0,1,1,24,5,9,0,0,0.0,30.5,0.0,Legal
user007,2026-05-01,4,0,8.066666666666666,8.066666666666666,0,0,1,1,21,0,12,0,0,0.0,72.9,72.9,IT Ops
user007,2026-05-02,5,1,,,0,0,0,0,15,0,5,0,0,0.0,45.0,45.0,IT Ops
user007,2026-05-03,6,1,,,0,0,0,0,20,0,3,0,0,0.0,52.5,0.0,IT Ops
user007,2026-05-04,0,0,8.0,8.0,0,0,1,1,14,0,3,0,0,0.0,66.2,66.2,IT Ops
user007,2026-05-05,1,0,8.433333333333334,8.433333333333334,0,0,1,1,19,0,7,1,1,37.1,57.5,0.0,IT Ops
user007,2026-05-06,2,0,7.933333333333334,7.933333333333334,0,0,1,1,17,0,5,0,0,0.0,61.5,0.0,IT Ops
user007,2026-05-07,3,0,8.483333333333333,8.483333333333333,0,0,1,1,21,0,6,0,0,0.0,62.1,0.0,IT Ops
user007,2026-05-08,4,0,6.766666666666667,6.766666666666667,0,0,1,1,17,0,9,0,0,0.0,64.2,0.0,IT Ops
user007,2026-05-09,5,1,,,0,0,0,0,10,0,5,0,0,0.0,68.2,68.2,IT Ops
user007,2026-05-10,6,1,,,0,0,0,0,18,0,6,0,0,0.0,72.6,0.0,IT Ops
user007,2026-05-11,0,0,8.616666666666667,8.616666666666667,0,0,1,1,14,0,9,0,0,0.0,68.0,0.0,IT Ops
user007,2026-05-12,1,0,8.783333333333333,8.783333333333333,0,0,1,1,20,0,6,0,0,0.0,61.8,0.0,IT Ops
user007,2026-05-13,2,0,8.883333333333333,8.883333333333333,0,0,1,1,17,0,6,0,0,0.0,77.2,0.0,IT Ops
user007,2026-05-14,3,0,7.383333333333334,7.383333333333334,0,0,1,1,22,0,4,0,0,0.0,63.0,0.0,IT Ops
user007,2026-05-15,4,0,8.3,8.3,0,0,1,1,22,0,6,0,0,0.0,61.0,0.0,IT Ops
user007,2026-05-16,5,1,,,0,0,0,0,19,0,4,0,0,0.0,70.1,0.0,IT Ops
user007,2026-05-17,6,1,,,0,0,0,0,14,0,2,0,0,0.0,81.9,0.0,IT Ops
user007,2026-05-18,0,0,8.15,8.15,0,0,1,1,12,0,4,0,0,0.0,49.6,0.0,IT Ops
user007,2026-05-19,1,0,8.916666666666666,8.916666666666666,0,0,1,1,23,0,6,0,0,0.0,68.7,0.0,IT Ops
user007,2026-05-20,2,0,8.35,8.35,0,0,1,1,20,0,4,0,0,0.0,40.7,0.0,IT Ops
user007,2026-05-21,3,0,7.966666666666667,7.966666666666667,0,0,1,1,17,0,6,0,0,0.0,61.9,0.0,IT Ops
user007,2026-05-22,4,0,7.116666666666666,7.116666666666666,0,0,1,1,11,0,2,0,0,0.0,59.6,0.0,IT Ops
user007,2026-05-23,5,1,,,0,0,0,0,26,0,9,0,0,0.0,66.6,0.0,IT Ops
user007,2026-05-24,6,1,,,0,0,0,0,18,0,3,0,0,0.0,37.1,0.0,IT Ops
user007,2026-05-25,0,0,7.033333333333333,7.033333333333333,0,0,1,1,17,0,5,0,0,0.0,56.1,0.0,IT Ops
user007,2026-05-26,1,0,7.983333333333333,7.983333333333333,0,0,1,1,18,0,3,0,0,0.0,81.1,0.0,IT Ops
user007,2026-05-27,2,0,9.066666666666666,9.066666666666666,0,0,1,1,16,0,7,0,0,0.0,49.4,0.0,IT Ops
user007,2026-05-28,3,0,7.65,7.65,0,0,1,1,18,0,6,1,1,18.3,43.4,0.0,IT Ops
user007,2026-05-29,4,0,8.0,8.0,0,0,1,1,19,0,5,0,0,0.0,87.2,0.0,IT Ops
user007,2026-05-30,5,1,,,0,0,0,0,10,0,3,0,0,0.0,23.7,0.0,IT Ops
user007,2026-05-31,6,1,,,0,0,0,0,20,0,6,0,0,0.0,106.1,0.0,IT Ops
user007,2026-06-01,0,0,8.7,8.7,0,0,1,1,17,0,6,0,0,0.0,51.3,51.3,IT Ops
user007,2026-06-02,1,0,9.05,9.05,0,0,1,1,18,0,7,0,0,0.0,46.3,0.0,IT Ops
user007,2026-06-03,2,0,8.75,8.75,0,0,1,1,23,0,4,0,0,0.0,73.7,0.0,IT Ops
user007,2026-06-04,3,0,8.15,8.15,0,0,1,1,18,0,2,0,0,0.0,49.7,0.0,IT Ops
user007,2026-06-05,4,0,6.95,6.95,0,0,1,1,20,0,7,0,0,0.0,65.8,0.0,IT Ops
user007,2026-06-06,5,1,,,0,0,0,0,23,0,10,0,0,0.0,58.0,0.0,IT Ops
user007,2026-06-07,6,1,,,0,0,0,0,17,0,7,0,0,0.0,61.2,0.0,IT Ops
user007,2026-06-08,0,0,7.116666666666666,7.116666666666666,0,0,1,1,25,0,5,0,0,0.0,39.6,39.6,IT Ops
user007,2026-06-09,1,0,7.1,7.1,0,0,1,1,14,0,3,0,0,0.0,42.0,0.0,IT Ops
user007,2026-06-10,2,0,7.55,7.55,0,0,1,1,14,0,4,0,0,0.0,49.2,49.2,IT Ops
user007,2026-06-11,3,0,8.25,8.25,0,0,1,1,18,0,2,0,0,0.0,89.7,0.0,IT Ops
user007,2026-06-12,4,0,8.916666666666666,8.916666666666666,0,0,1,1,20,0,7,0,0,0.0,42.3,0.0,IT Ops
user007,2026-06-13,5,1,7.7,7.7,0,0,1,1,20,0,10,0,0,0.0,46.9,0.0,IT Ops
user007,2026-06-14,6,1,,,0,0,0,0,15,0,5,0,0,0.0,42.2,0.0,IT Ops
user007,2026-06-15,0,0,7.783333333333333,7.783333333333333,0,0,1,1,22,0,5,0,0,0.0,67.0,67.0,IT Ops
user007,2026-06-16,1,0,7.35,7.35,0,0,1,1,12,0,4,0,0,0.0,46.7,46.7,IT Ops
user007,2026-06-17,2,0,7.116666666666666,7.116666666666666,0,0,1,1,13,0,5,0,0,0.0,47.4,0.0,IT Ops
user007,2026-06-18,3,0,8.233333333333333,8.233333333333333,0,0,1,1,13,0,2,0,0,0.0,42.1,0.0,IT Ops
user007,2026-06-19,4,0,9.083333333333334,9.083333333333334,0,0,1,1,14,0,1,1,1,904.1,59.0,0.0,IT Ops
user007,2026-06-20,5,1,,,0,0,0,0,20,0,7,0,0,0.0,69.5,0.0,IT Ops
user007,2026-06-21,6,1,,,0,0,0,0,14,0,6,0,0,0.0,47.3,0.0,IT Ops
user007,2026-06-22,0,0,7.583333333333333,7.583333333333333,0,0,1,1,16,0,4,0,0,0.0,35.2,0.0,IT Ops
user007,2026-06-23,1,0,7.733333333333333,7.733333333333333,0,0,1,1,14,0,4,0,0,0.0,101.6,101.6,IT Ops
user007,2026-06-24,2,0,6.283333333333333,6.283333333333333,0,0,1,1,17,0,6,0,0,0.0,51.1,0.0,IT Ops
user007,2026-06-25,3,0,7.516666666666667,7.516666666666667,0,0,1,1,17,0,6,0,0,0.0,26.0,0.0,IT Ops
user007,2026-06-26,4,0,7.166666666666667,7.166666666666667,0,0,1,1,14,0,2,0,0,0.0,61.0,0.0,IT Ops
user007,2026-06-27,5,1,,,0,0,0,0,16,0,7,0,0,0.0,80.3,80.3,IT Ops
user007,2026-06-28,6,1,,,0,0,0,0,21,0,9,0,0,0.0,55.7,0.0,IT Ops
user007,2026-06-29,0,0,8.816666666666666,8.816666666666666,0,0,1,1,12,0,3,0,0,0.0,71.6,71.6,IT Ops
user008,2026-05-01,4,0,8.5,8.5,0,0,1,1,24,11,10,0,0,0.0,35.1,0.0,HR
user008,2026-05-02,5,1,,,0,0,0,0,14,3,6,1,1,15.6,24.7,24.7,HR
user008,2026-05-03,6,1,6.0,6.0,0,0,1,1,23,6,10,0,0,0.0,13.9,0.0,HR
user008,2026-05-04,0,0,8.55,8.55,0,0,1,1,15,8,4,0,0,0.0,50.0,0.0,HR
user008,2026-05-05,1,0,8.666666666666666,8.666666666666666,0,0,1,1,21,2,4,0,0,0.0,42.6,42.6,HR
user008,2026-05-06,2,0,8.5,8.5,0,0,1,1,15,2,3,0,0,0.0,46.2,0.0,HR
user008,2026-05-07,3,0,8.483333333333333,8.483333333333333,0,0,1,1,21,5,4,0,0,0.0,63.5,0.0,HR
user008,2026-05-08,4,0,9.316666666666666,9.316666666666666,0,0,1,1,24,7,10,0,0,0.0,48.4,0.0,HR
user008,2026-05-09,5,1,,,0,0,0,0,19,6,5,0,0,0.0,26.6,0.0,HR
user008,2026-05-10,6,1,,,0,0,0,0,17,5,3,0,0,0.0,61.5,0.0,HR
user008,2026-05-11,0,0,8.3,8.3,0,0,1,1,25,4,8,0,0,0.0,31.3,0.0,HR
user008,2026-05-12,1,0,8.166666666666666,8.166666666666666,0,0,1,1,25,8,7,0,0,0.0,30.8,0.0,HR
user008,2026-05-13,2,0,7.066666666666666,7.066666666666666,0,0,1,1,24,4,6,0,0,0.0,29.6,0.0,HR
user008,2026-05-14,3,0,8.333333333333334,8.333333333333334,0,0,1,1,18,1,8,0,0,0.0,37.9,37.9,HR
user008,2026-05-15,4,0,7.716666666666667,7.716666666666667,0,0,1,1,27,4,9,0,0,0.0,29.4,29.4,HR
user008,2026-05-16,5,1,,,0,0,0,0,22,5,6,0,0,0.0,44.4,0.0,HR
user008,2026-05-17,6,1,,,0,0,0,0,20,7,4,0,0,0.0,64.7,64.7,HR
user008,2026-05-18,0,0,8.566666666666666,8.566666666666666,0,0,1,1,19,5,8,0,0,0.0,23.3,0.0,HR
user008,2026-05-19,1,0,8.783333333333333,8.783333333333333,0,0,1,1,18,7,6,0,0,0.0,2.9,0.0,HR
user008,2026-05-20,2,0,8.283333333333333,8.283333333333333,0,0,1,1,16,5,5,0,0,0.0,37.1,0.0,HR
user008,2026-05-21,3,0,6.95,6.95,0,0,1,1,18,4,2,0,0,0.0,21.0,0.0,HR
user008,2026-05-22,4,0,7.516666666666667,7.516666666666667,0,0,1,1,12,5,4,0,0,0.0,63.1,0.0,HR
user008,2026-05-23,5,1,,,0,0,0,0,22,3,7,0,0,0.0,37.0,0.0,HR
user008,2026-05-24,6,1,,,0,0,0,0,23,0,8,0,0,0.0,62.6,62.6,HR
user008,2026-05-25,0,0,6.366666666666666,6.366666666666666,0,0,1,1,20,1,6,0,0,0.0,42.0,0.0,HR
user008,2026-05-26,1,0,7.2,7.2,0,0,1,1,25,8,3,0,0,0.0,17.3,0.0,HR
user008,2026-05-27,2,0,7.1,7.1,0,0,1,1,20,4,9,0,0,0.0,49.1,0.0,HR
user008,2026-05-28,3,0,8.616666666666667,8.616666666666667,0,0,1,1,14,2,5,0,0,0.0,33.7,0.0,HR
user008,2026-05-29,4,0,8.166666666666666,8.166666666666666,0,0,1,1,18,8,3,0,0,0.0,45.8,0.0,HR
user008,2026-05-30,5,1,,,0,0,0,0,24,5,9,0,0,0.0,32.0,0.0,HR
user008,2026-05-31,6,1,,,0,0,0,0,18,4,6,0,0,0.0,35.6,0.0,HR
user008,2026-06-01,0,0,9.383333333333333,9.383333333333333,0,0,1,1,23,8,9,0,0,0.0,32.5,0.0,HR
user008,2026-06-02,1,0,8.616666666666667,8.616666666666667,0,0,1,1,15,3,3,0,0,0.0,36.4,0.0,HR
user008,2026-06-03,2,0,7.766666666666667,7.766666666666667,0,0,1,1,24,5,8,0,0,0.0,57.9,57.9,HR
user008,2026-06-04,3,0,8.283333333333333,8.283333333333333,0,0,1,1,15,1,2,0,0,0.0,17.4,0.0,HR
user008,2026-06-05,4,0,7.233333333333333,7.233333333333333,0,0,1,1,23,5,7,0,0,0.0,34.6,0.0,HR
user008,2026-06-06,5,1,,,0,0,0,0,13,1,3,0,0,0.0,44.5,0.0,HR
user008,2026-06-07,6,1,10.166666666666666,10.166666666666666,0,0,1,1,20,5,4,1,1,35.0,37.4,0.0,HR
user008,2026-06-08,0,0,8.866666666666667,8.866666666666667,0,0,1,1,20,3,3,0,0,0.0,53.2,0.0,HR
user008,2026-06-09,1,0,7.9,7.9,0,0,1,1,18,7,5,0,0,0.0,39.7,0.0,HR
user008,2026-06-10,2,0,8.283333333333333,8.283333333333333,0,0,1,1,16,5,6,0,0,0.0,54.3,0.0,HR
user008,2026-06-11,3,0,8.2,8.2,0,0,1,1,17,3,3,0,0,0.0,32.1,0.0,HR
user008,2026-06-12,4,0,7.316666666666666,7.316666666666666,0,0,1,1,16,9,1,0,0,0.0,39.2,0.0,HR
user008,2026-06-13,5,1,,,0,0,0,0,19,7,5,0,0,0.0,27.4,0.0,HR
user008,2026-06-14,6,1,,,0,0,0,0,18,4,7,0,0,0.0,24.3,24.3,HR
user008,2026-06-15,0,0,8.483333333333333,8.483333333333333,0,0,1,1,24,4,7,0,0,0.0,71.4,0.0,HR
user008,2026-06-16,1,0,9.116666666666667,9.116666666666667,0,0,1,1,30,11,10,0,0,0.0,47.5,0.0,HR
user008,2026-06-17,2,0,7.283333333333333,7.283333333333333,0,0,1,1,13,3,2,0,0,0.0,10.5,0.0,HR
user008,2026-06-18,3,0,8.25,8.25,0,0,1,1,22,22,8,0,0,0.0,40.6,0.0,HR
user008,2026-06-19,4,0,8.916666666666666,8.916666666666666,0,0,1,1,21,7,6,0,0,0.0,55.6,0.0,HR
user008,2026-06-20,5,1,,,0,0,0,0,17,3,6,0,0,0.0,28.6,0.0,HR
user008,2026-06-21,6,1,,,0,0,0,0,20,7,4,0,0,0.0,32.6,0.0,HR
user008,2026-06-22,0,0,8.183333333333334,8.183333333333334,0,0,1,1,22,4,7,0,0,0.0,50.8,0.0,HR
user008,2026-06-23,1,0,7.333333333333333,7.333333333333333,0,0,1,1,19,4,1,0,0,0.0,33.3,33.3,HR
user008,2026-06-24,2,0,7.816666666666666,7.816666666666666,0,0,1,1,14,3,4,1,1,22.9,44.6,0.0,HR
user008,2026-06-25,3,0,7.05,7.05,0,0,1,1,17,5,5,0,0,0.0,28.5,0.0,HR
user008,2026-06-26,4,0,8.383333333333333,8.383333333333333,0,0,1,1,18,3,5,0,0,0.0,37.5,37.5,HR
user008,2026-06-27,5,1,,,0,0,0,0,13,2,1,0,0,0.0,30.7,0.0,HR
user008,2026-06-28,6,1,,,0,0,0,0,18,3,2,0,0,0.0,41.2,0.0,HR
user008,2026-06-29,0,0,8.0,8.0,0,0,1,1,23,4,6,0,0,0.0,32.5,0.0,HR
user009,2026-05-01,4,0,8.566666666666666,8.566666666666666,0,0,1,1,15,0,4,0,0,0.0,56.5,0.0,Sales
user009,2026-05-02,5,1,,,0,0,0,0,17,0,2,0,0,0.0,50.4,0.0,Sales
user009,2026-05-03,6,1,,,0,0,0,0,13,0,6,0,0,0.0,69.7,69.7,Sales
user009,2026-05-04,0,0,9.516666666666667,9.516666666666667,0,0,1,1,8,0,3,0,0,0.0,63.5,0.0,Sales
user009,2026-05-05,1,0,10.016666666666667,10.016666666666667,0,0,1,1,1,0,0,0,0,0.0,33.7,0.0,Sales
user009,2026-05-06,2,0,8.066666666666666,8.066666666666666,0,0,1,1,8,0,3,0,0,0.0,48.5,0.0,Sales
user009,2026-05-07,3,0,8.45,8.45,0,0,1,1,16,0,3,0,0,0.0,42.0,42.0,Sales
user009,2026-05-08,4,0,9.333333333333334,9.333333333333334,0,0,1,1,15,0,2,1,0,39.4,93.2,0.0,Sales
user009,2026-05-09,5,1,,,0,0,0,0,14,0,2,0,0,0.0,86.7,0.0,Sales
user009,2026-05-10,6,1,,,0,0,0,0,9,0,4,0,0,0.0,71.4,0.0,Sales
user009,2026-05-11,0,0,8.85,8.85,0,0,1,1,12,0,4,0,0,0.0,61.9,0.0,Sales
user009,2026-05-12,1,0,9.066666666666666,9.066666666666666,0,0,1,1,12,0,2,0,0,0.0,60.7,60.7,Sales
user009,2026-05-13,2,0,9.2,9.2,0,0,1,1,10,0,4,0,0,0.0,50.4,0.0,Sales
user009,2026-05-14,3,0,9.0,9.0,0,0,1,1,19,0,7,0,0,0.0,38.2,0.0,Sales
user009,2026-05-15,4,0,8.333333333333334,8.333333333333334,0,0,1,1,11,0,4,0,0,0.0,70.7,0.0,Sales
user009,2026-05-16,5,1,,,0,0,0,0,6,0,4,0,0,0.0,52.6,0.0,Sales
user009,2026-05-17,6,1,,,0,0,0,0,8,0,4,0,0,0.0,56.0,0.0,Sales
user009,2026-05-18,0,0,9.383333333333333,9.383333333333333,0,0,1,1,9,0,3,0,0,0.0,49.8,0.0,Sales
user009,2026-05-19,1,0,9.133333333333333,9.133333333333333,0,0,1,1,7,0,4,0,0,0.0,43.9,0.0,Sales
user009,2026-05-20,2,0,8.733333333333333,8.733333333333333,0,0,1,1,11,0,3,0,0,0.0,50.9,0.0,Sales
user009,2026-05-21,3,0,8.916666666666666,8.916666666666666,0,0,1,1,5,0,1,0,0,0.0,39.6,39.6,Sales
user009,2026-05-22,4,0,10.15,10.15,0,0,1,1,2,0,0,0,0,0.0,45.5,0.0,Sales
user009,2026-05-23,5,1,,,0,0,0,0,16,0,2,0,0,0.0,25.6,0.0,Sales
user009,2026-05-24,6,1,,,0,0,0,0,12,0,5,0,0,0.0,54.9,0.0,Sales
user009,2026-05-25,0,0,8.766666666666667,8.766666666666667,0,0,1,1,12,0,1,0,0,0.0,33.5,0.0,Sales
user009,2026-05-26,1,0,9.483333333333333,9.483333333333333,0,0,1,1,14,0,6,0,0,0.0,61.5,0.0,Sales
user009,2026-05-27,2,0,8.9,8.9,0,0,1,1,7,0,1,1,0,22.6,47.1,0.0,Sales
user009,2026-05-28,3,0,8.866666666666667,8.866666666666667,0,0,1,1,5,0,2,0,0,0.0,80.8,0.0,Sales
user009,2026-05-29,4,0,8.666666666666666,8.666666666666666,0,0,1,1,7,0,2,0,0,0.0,66.1,0.0,Sales
user009,2026-05-30,5,1,,,0,0,0,0,12,0,5,0,0,0.0,55.8,0.0,Sales
user009,2026-05-31,6,1,,,0,0,0,0,8,0,4,0,0,0.0,55.3,0.0,Sales
user009,2026-06-01,0,0,8.933333333333334,8.933333333333334,0,0,1,1,8,0,3,0,0,0.0,53.5,0.0,Sales
user009,2026-06-02,1,0,7.733333333333333,7.733333333333333,0,0,1,1,9,0,2,0,0,0.0,60.5,0.0,Sales
user009,2026-06-03,2,0,8.816666666666666,8.816666666666666,0,0,1,1,8,0,3,0,0,0.0,47.2,0.0,Sales
user009,2026-06-04,3,0,8.266666666666667,8.266666666666667,0,0,1,1,13,0,2,0,0,0.0,43.9,43.9,Sales
user009,2026-06-05,4,0,9.85,9.85,0,0,1,1,12,0,6,0,0,0.0,63.7,0.0,Sales
user009,2026-06-06,5,1,,,0,0,0,0,17,0,7,0,0,0.0,48.5,0.0,Sales
user009,2026-06-07,6,1,,,0,0,0,0,11,0,0,0,0,0.0,53.0,0.0,Sales
user009,2026-06-08,0,0,9.233333333333333,9.233333333333333,0,0,1,1,7,0,1,0,0,0.0,56.8,56.8,Sales
user009,2026-06-09,1,0,9.016666666666667,9.016666666666667,0,0,1,1,11,0,4,0,0,0.0,47.5,0.0,Sales
user009,2026-06-10,2,0,8.95,8.95,0,0,1,1,7,0,3,0,0,0.0,43.3,0.0,Sales
user009,2026-06-11,3,0,8.566666666666666,8.566666666666666,0,0,1,1,15,0,3,0,0,0.0,53.0,53.0,Sales
user009,2026-06-12,4,0,9.433333333333334,9.433333333333334,0,0,1,1,8,0,4,0,0,0.0,54.4,0.0,Sales
user009,2026-06-13,5,1,,,0,0,0,0,12,0,3,0,0,0.0,63.9,0.0,Sales
user009,2026-06-14,6,1,,,0,0,0,0,8,0,3,0,0,0.0,55.9,0.0,Sales
user009,2026-06-15,0,0,9.083333333333334,9.083333333333334,0,0,1,1,15,0,3,0,0,0.0,72.1,0.0,Sales
user009,2026-06-16,1,0,23.5,23.5,1,0,1,1,9,0,2,0,0,0.0,0.0,0.0,Sales
user009,2026-06-17,2,0,7.866666666666667,7.866666666666667,0,0,1,1,20,0,9,1,0,10.5,119.3,0.0,Sales
user009,2026-06-18,3,0,9.983333333333333,9.983333333333333,0,0,1,1,12,0,2,0,0,0.0,55.5,0.0,Sales
user009,2026-06-19,4,0,9.233333333333333,9.233333333333333,0,0,1,1,12,0,3,0,0,0.0,60.0,0.0,Sales
user009,2026-06-20,5,1,,,0,0,0,0,9,0,3,0,0,0.0,58.9,0.0,Sales
user009,2026-06-21,6,1,,,0,0,0,0,14,0,2,0,0,0.0,58.3,0.0,Sales
user009,2026-06-22,0,0,8.7,8.7,0,0,1,1,3,0,2,0,0,0.0,68.6,0.0,Sales
user009,2026-06-23,1,0,8.516666666666667,8.516666666666667,0,0,1,1,12,0,4,0,0,0.0,70.4,0.0,Sales
user009,2026-06-24,2,0,7.866666666666667,7.866666666666667,0,0,1,1,11,0,3,1,0,13.9,70.8,0.0,Sales
user009,2026-06-25,3,0,8.4,8.4,0,0,1,1,10,0,2,0,0,0.0,57.8,0.0,Sales
user009,2026-06-26,4,0,8.633333333333333,8.633333333333333,0,0,1,1,13,0,4,0,0,0.0,57.0,0.0,Sales
user009,2026-06-27,5,1,,,0,0,0,0,13,0,7,0,0,0.0,63.7,0.0,Sales
user009,2026-06-28,6,1,,,0,0,0,0,10,0,1,0,0,0.0,66.2,0.0,Sales
user009,2026-06-29,0,0,8.266666666666667,8.266666666666667,0,0,1,1,10,0,3,0,0,0.0,50.3,0.0,Sales
user010,2026-05-01,4,0,9.55,9.55,0,0,1,1,11,5,6,0,0,0.0,78.4,78.4,Finance
user010,2026-05-02,5,1,,,0,0,0,0,0,0,0,0,0,0.0,63.7,0.0,Finance
user010,2026-05-03,6,1,,,0,0,0,0,8,2,2,0,0,0.0,54.8,0.0,Finance
user010,2026-05-04,0,0,7.75,7.75,0,0,1,1,19,7,5,0,0,0.0,89.0,89.0,Finance
user010,2026-05-05,1,0,6.433333333333334,6.433333333333334,0,0,1,1,18,5,5,0,0,0.0,53.2,53.2,Finance
user010,2026-05-06,2,0,8.383333333333333,8.383333333333333,0,0,1,1,15,3,7,0,0,0.0,96.7,0.0,Finance
user010,2026-05-07,3,0,9.533333333333333,9.533333333333333,0,0,1,1,12,2,6,0,0,0.0,105.2,0.0,Finance
user010,2026-05-08,4,0,9.616666666666667,9.616666666666667,0,0,1,1,14,1,3,0,0,0.0,80.6,0.0,Finance
user010,2026-05-09,5,1,,,0,0,0,0,9,1,4,0,0,0.0,76.0,76.0,Finance
user010,2026-05-10,6,1,,,0,0,0,0,2,0,0,0,0,0.0,76.9,0.0,Finance
user010,2026-05-11,0,0,8.816666666666666,8.816666666666666,0,0,1,1,11,3,4,0,0,0.0,67.7,0.0,Finance
user010,2026-05-12,1,0,8.183333333333334,8.183333333333334,0,0,1,1,13,6,5,0,0,0.0,79.6,0.0,Finance
user010,2026-05-13,2,0,8.016666666666667,8.016666666666667,0,0,1,1,15,5,5,0,0,0.0,69.5,0.0,Finance
user010,2026-05-14,3,0,9.2,9.2,0,0,1,1,12,2,3,0,0,0.0,103.8,103.8,Finance
user010,2026-05-15,4,0,9.333333333333334,9.333333333333334,0,0,1,1,14,4,4,0,0,0.0,90.6,0.0,Finance
user010,2026-05-16,5,1,,,0,0,0,0,14,4,1,0,0,0.0,100.9,0.0,Finance
user010,2026-05-17,6,1,,,0,0,0,0,10,5,0,0,0,0.0,66.8,0.0,Finance
user010,2026-05-18,0,0,10.416666666666666,10.416666666666666,0,0,1,1,10,2,3,0,0,0.0,94.0,0.0,Finance
user010,2026-05-19,1,0,9.066666666666666,9.066666666666666,0,0,1,1,4,1,3,0,0,0.0,63.5,63.5,Finance
user010,2026-05-20,2,0,7.65,7.65,0,0,1,1,12,2,3,0,0,0.0,82.7,0.0,Finance
user010,2026-05-21,3,0,8.7,8.7,0,0,1,1,10,1,1,0,0,0.0,94.0,0.0,Finance
user010,2026-05-22,4,0,9.816666666666666,9.816666666666666,0,0,1,1,0,0,0,0,0,0.0,85.6,0.0,Finance
user010,2026-05-23,5,1,,,0,0,0,0,5,2,1,0,0,0.0,80.4,0.0,Finance
user010,2026-05-24,6,1,9.016666666666667,9.016666666666667,0,0,1,1,12,3,5,0,0,0.0,58.4,0.0,Finance
user010,2026-05-25,0,0,7.333333333333333,7.333333333333333,0,0,1,1,14,3,6,0,0,0.0,98.1,0.0,Finance
user010,2026-05-26,1,0,9.35,9.35,0,0,1,1,10,4,2,0,0,0.0,91.0,0.0,Finance
user010,2026-05-27,2,0,8.4,8.4,0,0,1,1,7,3,3,0,0,0.0,73.0,0.0,Finance
user010,2026-05-28,3,0,8.666666666666666,8.666666666666666,0,0,1,1,9,2,4,0,0,0.0,67.4,0.0,Finance
user010,2026-05-29,4,0,8.5,8.5,0,0,1,1,7,1,1,0,0,0.0,101.0,0.0,Finance
user010,2026-05-30,5,1,8.766666666666667,8.766666666666667,0,0,1,1,11,6,7,0,0,0.0,71.2,0.0,Finance
user010,2026-05-31,6,1,,,0,0,0,0,19,4,6,0,0,0.0,104.2,0.0,Finance
user010,2026-06-01,0,0,9.766666666666667,9.766666666666667,0,0,1,1,8,3,5,0,0,0.0,64.8,0.0,Finance
user010,2026-06-02,1,0,9.266666666666667,9.266666666666667,0,0,1,1,6,4,1,0,0,0.0,81.3,0.0,Finance
user010,2026-06-03,2,0,8.4,8.4,0,0,1,1,12,3,5,0,0,0.0,98.5,0.0,Finance
user010,2026-06-04,3,0,9.366666666666667,9.366666666666667,0,0,1,1,10,3,1,0,0,0.0,82.0,82.0,Finance
user010,2026-06-05,4,0,9.6,9.6,0,0,1,1,13,8,2,0,0,0.0,108.0,0.0,Finance
user010,2026-06-06,5,1,,,0,0,0,0,16,7,8,0,0,0.0,78.0,0.0,Finance
user010,2026-06-07,6,1,,,0,0,0,0,14,1,1,0,0,0.0,84.6,0.0,Finance
user010,2026-06-08,0,0,8.933333333333334,8.933333333333334,0,0,1,1,12,4,4,0,0,0.0,76.9,76.9,Finance
user010,2026-06-09,1,0,8.583333333333334,8.583333333333334,0,0,1,1,17,5,4,0,0,0.0,67.1,0.0,Finance
user010,2026-06-10,2,0,8.166666666666666,8.166666666666666,0,0,1,1,8,1,2,0,0,0.0,85.7,85.7,Finance
user010,2026-06-11,3,0,8.333333333333334,8.333333333333334,0,0,1,1,12,6,5,1,0,36.2,68.0,0.0,Finance
user010,2026-06-12,4,0,8.6,8.6,0,0,1,1,18,6,9,0,0,0.0,82.5,0.0,Finance
user010,2026-06-13,5,1,,,0,0,0,0,10,3,2,1,0,9.5,75.5,0.0,Finance
user010,2026-06-14,6,1,,,0,0,0,0,18,3,4,0,0,0.0,72.8,0.0,Finance
user010,2026-06-15,0,0,7.816666666666666,7.816666666666666,0,0,1,1,6,3,2,0,0,0.0,82.8,0.0,Finance
user010,2026-06-16,1,0,9.416666666666666,9.416666666666666,0,0,1,1,8,2,2,0,0,0.0,69.6,0.0,Finance
user010,2026-06-17,2,0,8.283333333333333,8.283333333333333,0,0,1,1,10,1,5,0,0,0.0,65.7,0.0,Finance
user010,2026-06-18,3,0,9.45,9.45,0,0,1,1,6,3,2,0,0,0.0,72.8,0.0,Finance
user010,2026-06-19,4,0,9.066666666666666,9.066666666666666,0,0,1,1,8,1,0,0,0,0.0,87.0,0.0,Finance
user010,2026-06-20,5,1,,,0,0,0,0,14,3,5,0,0,0.0,97.2,0.0,Finance
user010,2026-06-21,6,1,,,0,0,0,0,15,3,4,0,0,0.0,82.7,0.0,Finance
user010,2026-06-22,0,0,8.15,8.15,0,0,1,1,14,5,6,0,0,0.0,80.3,80.3,Finance
user010,2026-06-23,1,0,9.8,9.8,0,0,1,1,11,2,4,0,0,0.0,89.4,0.0,Finance
user010,2026-06-24,2,0,8.95,8.95,0,0,1,1,11,2,7,0,0,0.0,92.5,0.0,Finance
user010,2026-06-25,3,0,9.15,9.15,0,0,1,1,4,2,3,0,0,0.0,82.3,0.0,Finance
user010,2026-06-26,4,0,8.766666666666667,8.766666666666667,0,0,1,1,9,3,2,1,0,7.8,71.4,0.0,Finance
user010,2026-06-27,5,1,9.5,9.5,0,0,1,1,12,3,4,0,0,0.0,62.9,0.0,Finance
user010,2026-06-28,6,1,,,0,0,0,0,5,1,2,1,0,17.2,78.3,0.0,Finance
user010,2026-06-29,0,0,8.883333333333333,8.883333333333333,0,0,1,1,7,1,2,0,0,0.0,79.1,79.1,Finance
user011,2026-05-01,4,0,8.333333333333334,8.333333333333334,0,0,1,1,22,0,8,0,0,0.0,10.4,0.0,IT Ops
user011,2026-05-02,5,1,,,0,0,0,0,23,0,6,0,0,0.0,27.2,0.0,IT Ops
user011,2026-05-03,6,1,,,0,0,0,0,21,0,7,0,0,0.0,56.6,0.0,IT Ops
user011,2026-05-04,0,0,9.316666666666666,9.316666666666666,0,0,1,1,12,0,4,0,0,0.0,30.0,0.0,IT Ops
user011,2026-05-05,1,0,9.133333333333333,9.133333333333333,0,0,1,1,30,0,9,0,0,0.0,51.2,0.0,IT Ops
user011,2026-05-06,2,0,8.4,8.4,0,0,1,1,16,0,5,0,0,0.0,46.4,0.0,IT Ops
user011,2026-05-07,3,0,9.033333333333333,9.033333333333333,0,0,1,1,25,0,7,0,0,0.0,38.9,38.9,IT Ops
user011,2026-05-08,4,0,9.683333333333334,9.683333333333334,0,0,1,1,15,0,7,0,0,0.0,17.9,0.0,IT Ops
user011,2026-05-09,5,1,,,0,0,0,0,17,0,6,0,0,0.0,32.0,32.0,IT Ops
user011,2026-05-10,6,1,,,0,0,0,0,24,0,8,0,0,0.0,13.9,13.9,IT Ops
user011,2026-05-11,0,0,9.216666666666667,9.216666666666667,0,0,1,1,12,0,2,0,0,0.0,33.2,0.0,IT Ops
user011,2026-05-12,1,0,7.966666666666667,7.966666666666667,0,0,1,1,21,0,5,0,0,0.0,47.8,0.0,IT Ops
user011,2026-05-13,2,0,9.466666666666667,9.466666666666667,0,0,1,1,21,0,11,0,0,0.0,14.4,14.4,IT Ops
user011,2026-05-14,3,0,9.45,9.45,0,0,1,1,19,0,5,0,0,0.0,26.2,0.0,IT Ops
user011,2026-05-15,4,0,8.833333333333334,8.833333333333334,0,0,1,1,16,0,4,0,0,0.0,33.6,0.0,IT Ops
user011,2026-05-16,5,1,,,0,0,0,0,18,0,6,0,0,0.0,25.9,0.0,IT Ops
user011,2026-05-17,6,1,,,0,0,0,0,18,0,8,0,0,0.0,30.0,0.0,IT Ops
user011,2026-05-18,0,0,9.216666666666667,9.216666666666667,0,0,1,1,12,0,2,0,0,0.0,10.7,0.0,IT Ops
user011,2026-05-19,1,0,9.766666666666667,9.766666666666667,0,0,1,1,20,0,3,0,0,0.0,15.8,0.0,IT Ops
user011,2026-05-20,2,0,8.55,8.55,0,0,1,1,17,0,8,0,0,0.0,32.8,0.0,IT Ops
user011,2026-05-21,3,0,8.916666666666666,8.916666666666666,0,0,1,1,20,0,6,0,0,0.0,4.5,0.0,IT Ops
user011,2026-05-22,4,0,9.583333333333334,9.583333333333334,0,0,1,1,17,0,7,0,0,0.0,9.1,0.0,IT Ops
user011,2026-05-23,5,1,,,0,0,0,0,22,0,8,0,0,0.0,53.2,53.2,IT Ops
user011,2026-05-24,6,1,,,0,0,0,0,13,0,6,0,0,0.0,33.6,0.0,IT Ops
user011,2026-05-25,0,0,8.333333333333334,8.333333333333334,0,0,1,1,22,0,6,0,0,0.0,33.9,33.9,IT Ops
user011,2026-05-26,1,0,8.95,8.95,0,0,1,1,23,0,8,0,0,0.0,18.6,0.0,IT Ops
user011,2026-05-27,2,0,9.066666666666666,9.066666666666666,0,0,1,1,19,0,1,0,0,0.0,18.8,0.0,IT Ops
user011,2026-05-28,3,0,9.366666666666667,9.366666666666667,0,0,1,1,21,0,7,0,0,0.0,32.9,0.0,IT Ops
user011,2026-05-29,4,0,8.983333333333333,8.983333333333333,0,0,1,1,17,0,3,0,0,0.0,29.8,0.0,IT Ops
user011,2026-05-30,5,1,,,0,0,0,0,19,0,4,0,0,0.0,10.0,0.0,IT Ops
user011,2026-05-31,6,1,,,0,0,0,0,16,0,0,0,0,0.0,5.3,0.0,IT Ops
user011,2026-06-01,0,0,9.0,9.0,0,0,1,1,20,0,9,1,1,15.5,37.4,0.0,IT Ops
user011,2026-06-02,1,0,8.9,8.9,0,0,1,1,25,0,7,0,0,0.0,32.4,0.0,IT Ops
user011,2026-06-03,2,0,8.866666666666667,8.866666666666667,0,0,1,1,17,0,3,0,0,0.0,36.2,0.0,IT Ops
user011,2026-06-04,3,0,8.633333333333333,8.633333333333333,0,0,1,1,16,0,6,0,0,0.0,35.2,0.0,IT Ops
user011,2026-06-05,4,0,9.666666666666666,9.666666666666666,0,0,1,1,19,0,4,0,0,0.0,14.6,0.0,IT Ops
user011,2026-06-06,5,1,,,0,0,0,0,20,0,7,0,0,0.0,37.8,0.0,IT Ops
user011,2026-06-07,6,1,,,0,0,0,0,14,0,7,0,0,0.0,37.7,0.0,IT Ops
user011,2026-06-08,0,0,8.666666666666666,8.666666666666666,0,0,1,1,26,26,8,0,0,0.0,53.3,0.0,IT Ops
user011,2026-06-09,1,0,8.483333333333333,8.483333333333333,0,0,1,1,12,0,3,0,0,0.0,36.3,0.0,IT Ops
user011,2026-06-10,2,0,9.1,9.1,0,0,1,1,19,0,5,0,0,0.0,22.8,0.0,IT Ops
user011,2026-06-11,3,0,8.783333333333333,8.783333333333333,0,0,1,1,18,0,2,0,0,0.0,34.9,0.0,IT Ops
user011,2026-06-12,4,0,8.45,8.45,0,0,1,1,28,0,9,0,0,0.0,40.9,0.0,IT Ops
user011,2026-06-13,5,1,,,0,0,0,0,21,0,7,0,0,0.0,43.8,0.0,IT Ops
user011,2026-06-14,6,1,,,0,0,0,0,14,0,6,0,0,0.0,27.3,0.0,IT Ops
user011,2026-06-15,0,0,10.25,10.25,0,0,1,1,17,0,6,0,0,0.0,6.5,6.5,IT Ops
user011,2026-06-16,1,0,9.75,9.75,0,0,1,1,17,0,5,0,0,0.0,52.9,0.0,IT Ops
user011,2026-06-17,2,0,9.783333333333333,9.783333333333333,0,0,1,1,22,0,10,0,0,0.0,40.9,0.0,IT Ops
user011,2026-06-18,3,0,10.066666666666666,10.066666666666666,0,0,1,1,18,0,4,0,0,0.0,30.0,0.0,IT Ops
user011,2026-06-19,4,0,10.2,10.2,0,0,1,1,17,0,5,0,0,0.0,43.7,0.0,IT Ops
user011,2026-06-20,5,1,,,0,0,0,0,17,0,4,0,0,0.0,31.9,0.0,IT Ops
user011,2026-06-21,6,1,,,0,0,0,0,15,0,4,0,0,0.0,21.7,0.0,IT Ops
user011,2026-06-22,0,0,8.9,8.9,0,0,1,1,17,0,4,0,0,0.0,10.9,0.0,IT Ops
user011,2026-06-23,1,0,9.133333333333333,9.133333333333333,0,0,1,1,26,0,4,0,0,0.0,33.8,0.0,IT Ops
user011,2026-06-24,2,0,9.983333333333333,9.983333333333333,0,0,1,1,23,0,7,0,0,0.0,8.3,0.0,IT Ops
user011,2026-06-25,3,0,9.133333333333333,9.133333333333333,0,0,1,1,22,0,7,0,0,0.0,19.8,0.0,IT Ops
user011,2026-06-26,4,0,10.083333333333334,10.083333333333334,0,0,1,1,15,0,4,1,1,21.0,45.3,0.0,IT Ops
user011,2026-06-27,5,1,,,0,0,0,0,13,0,4,0,0,0.0,20.1,20.1,IT Ops
user011,2026-06-28,6,1,,,0,0,0,0,15,0,5,0,0,0.0,51.9,51.9,IT Ops
user011,2026-06-29,0,0,8.116666666666667,8.116666666666667,0,0,1,1,11,0,1,0,0,0.0,52.9,0.0,IT Ops
user012,2026-05-01,4,0,8.416666666666666,8.416666666666666,0,0,1,1,17,0,7,0,0,0.0,1.0,0.0,Engineering
user012,2026-05-02,5,1,,,0,0,0,0,10,0,3,0,0,0.0,10.3,0.0,Engineering
user012,2026-05-03,6,1,,,0,0,0,0,12,0,3,0,0,0.0,39.1,0.0,Engineering
user012,2026-05-04,0,0,9.516666666666667,9.516666666666667,0,0,1,1,14,0,6,0,0,0.0,15.2,0.0,Engineering
user012,2026-05-05,1,0,8.95,8.95,0,0,1,1,6,0,2,0,0,0.0,34.8,0.0,Engineering
user012,2026-05-06,2,0,8.4,8.4,0,0,1,1,15,0,3,0,0,0.0,12.4,0.0,Engineering
user012,2026-05-07,3,0,7.85,7.85,0,0,1,1,11,0,4,0,0,0.0,30.4,0.0,Engineering
user012,2026-05-08,4,0,8.616666666666667,8.616666666666667,0,0,1,1,15,0,6,1,1,29.9,1.0,0.0,Engineering
user012,2026-05-09,5,1,,,0,0,0,0,8,0,4,0,0,0.0,35.5,0.0,Engineering
user012,2026-05-10,6,1,,,0,0,0,0,10,0,4,0,0,0.0,22.7,0.0,Engineering
user012,2026-05-11,0,0,7.75,7.75,0,0,1,1,8,0,1,0,0,0.0,26.0,0.0,Engineering
user012,2026-05-12,1,0,8.916666666666666,8.916666666666666,0,0,1,1,17,0,5,0,0,0.0,35.7,0.0,Engineering
user012,2026-05-13,2,0,7.8,7.8,0,0,1,1,11,0,3,0,0,0.0,2.5,0.0,Engineering
user012,2026-05-14,3,0,9.766666666666667,9.766666666666667,0,0,1,1,10,0,1,0,0,0.0,28.2,0.0,Engineering
user012,2026-05-15,4,0,9.683333333333334,9.683333333333334,0,0,1,1,14,0,4,0,0,0.0,21.1,0.0,Engineering
user012,2026-05-16,5,1,,,0,0,0,0,13,0,2,0,0,0.0,41.7,0.0,Engineering
user012,2026-05-17,6,1,,,0,0,0,0,10,0,2,0,0,0.0,4.5,4.5,Engineering
user012,2026-05-18,0,0,9.35,9.35,0,0,1,1,9,0,5,0,0,0.0,19.8,19.8,Engineering
user012,2026-05-19,1,0,9.066666666666666,9.066666666666666,0,0,1,1,18,0,7,0,0,0.0,28.2,0.0,Engineering
user012,2026-05-20,2,0,9.25,9.25,0,0,1,1,8,0,2,0,0,0.0,13.7,0.0,Engineering
user012,2026-05-21,3,0,8.55,8.55,0,0,1,1,7,0,5,0,0,0.0,41.6,0.0,Engineering
user012,2026-05-22,4,0,8.65,8.65,0,0,1,1,15,0,6,0,0,0.0,1.3,0.0,Engineering
user012,2026-05-23,5,1,,,0,0,0,0,13,0,1,0,0,0.0,15.4,15.4,Engineering
user012,2026-05-24,6,1,,,0,0,0,0,13,0,7,1,1,24.3,31.6,0.0,Engineering
user012,2026-05-25,0,0,9.066666666666666,9.066666666666666,0,0,1,1,15,0,3,0,0,0.0,41.7,0.0,Engineering
user012,2026-05-26,1,0,8.0,8.0,0,0,1,1,15,0,3,0,0,0.0,27.6,0.0,Engineering
user012,2026-05-27,2,0,8.233333333333333,8.233333333333333,0,0,1,1,11,0,2,0,0,0.0,16.8,0.0,Engineering
user012,2026-05-28,3,0,9.516666666666667,9.516666666666667,0,0,1,1,11,0,3,0,0,0.0,36.1,0.0,Engineering
user012,2026-05-29,4,0,9.466666666666667,9.466666666666667,0,0,1,1,10,0,3,0,0,0.0,14.9,0.0,Engineering
user012,2026-05-30,5,1,,,0,0,0,0,14,0,2,0,0,0.0,9.2,0.0,Engineering
user012,2026-05-31,6,1,,,0,0,0,0,21,0,8,0,0,0.0,34.3,0.0,Engineering
user012,2026-06-01,0,0,9.716666666666667,9.716666666666667,0,0,1,1,12,0,2,0,0,0.0,44.7,0.0,Engineering
user012,2026-06-02,1,0,9.683333333333334,9.683333333333334,0,0,1,1,15,0,2,0,0,0.0,32.5,0.0,Engineering
user012,2026-06-03,2,0,8.533333333333333,8.533333333333333,0,0,1,1,16,0,4,0,0,0.0,51.4,0.0,Engineering
user012,2026-06-04,3,0,7.916666666666667,7.916666666666667,0,0,1,1,19,0,6,0,0,0.0,36.3,0.0,Engineering
user012,2026-06-05,4,0,8.55,8.55,0,0,1,1,7,0,3,0,0,0.0,26.6,0.0,Engineering
user012,2026-06-06,5,1,,,0,0,0,0,16,0,5,0,0,0.0,47.8,0.0,Engineering
user012,2026-06-07,6,1,,,0,0,0,0,9,0,4,1,1,6.8,22.1,0.0,Engineering
user012,2026-06-08,0,0,8.35,8.35,0,0,1,1,9,0,1,0,0,0.0,33.1,0.0,Engineering
user012,2026-06-09,1,0,8.5,8.5,0,0,1,1,11,0,3,0,0,0.0,32.6,0.0,Engineering
user012,2026-06-10,2,0,8.283333333333333,8.283333333333333,0,0,1,1,15,0,4,0,0,0.0,37.4,0.0,Engineering
user012,2026-06-11,3,0,8.033333333333333,8.033333333333333,0,0,1,1,14,0,6,0,0,0.0,37.1,0.0,Engineering
user012,2026-06-12,4,0,8.983333333333333,8.983333333333333,0,0,1,1,10,0,3,0,0,0.0,22.9,0.0,Engineering
user012,2026-06-13,5,1,,,0,0,0,0,20,0,5,0,0,0.0,38.0,0.0,Engineering
user012,2026-06-14,6,1,,,0,0,0,0,10,0,3,0,0,0.0,28.1,0.0,Engineering
user012,2026-06-15,0,0,9.216666666666667,9.216666666666667,0,0,1,1,15,0,6,0,0,0.0,61.8,0.0,Engineering
user012,2026-06-16,1,0,9.466666666666667,9.466666666666667,0,0,1,1,12,0,5,0,0,0.0,3.4,0.0,Engineering
user012,2026-06-17,2,0,9.183333333333334,9.183333333333334,0,0,1,1,23,0,8,0,0,0.0,34.5,0.0,Engineering
user012,2026-06-18,3,0,8.733333333333333,8.733333333333333,0,0,1,1,12,0,3,0,0,0.0,1.0,1.0,Engineering
user012,2026-06-19,4,0,7.633333333333333,7.633333333333333,0,0,1,1,15,0,3,0,0,0.0,23.6,0.0,Engineering
user012,2026-06-20,5,1,,,0,0,0,0,11,0,1,0,0,0.0,33.1,0.0,Engineering
user012,2026-06-21,6,1,,,0,0,0,0,10,0,1,1,1,27.5,6.1,0.0,Engineering
user012,2026-06-22,0,0,8.533333333333333,8.533333333333333,0,0,1,1,16,0,2,0,0,0.0,26.6,0.0,Engineering
user012,2026-06-23,1,0,8.966666666666667,8.966666666666667,0,0,1,1,11,0,4,0,0,0.0,30.6,0.0,Engineering
user012,2026-06-24,2,0,7.3,7.3,0,0,1,1,13,0,6,0,0,0.0,33.8,0.0,Engineering
user012,2026-06-25,3,0,8.233333333333333,8.233333333333333,0,0,1,1,12,0,3,0,0,0.0,27.2,0.0,Engineering
user012,2026-06-26,4,0,9.75,9.75,0,0,1,1,12,0,1,0,0,0.0,30.0,0.0,Engineering
user012,2026-06-27,5,1,,,0,0,0,0,9,0,2,0,0,0.0,27.3,0.0,Engineering
user012,2026-06-28,6,1,,,0,0,0,0,10,0,2,0,0,0.0,43.6,0.0,Engineering
user012,2026-06-29,0,0,8.7,8.7,0,0,1,1,9,0,1,0,0,0.0,29.9,0.0,Engineering
user013,2026-05-01,4,0,10.816666666666666,10.816666666666666,0,0,1,1,12,3,5,0,0,0.0,46.0,0.0,Legal
user013,2026-05-02,5,1,,,0,0,0,0,11,3,2,0,0,0.0,13.0,0.0,Legal
user013,2026-05-03,6,1,,,0,0,0,0,5,1,1,0,0,0.0,20.8,0.0,Legal
user013,2026-05-04,0,0,9.85,9.85,0,0,1,1,13,4,2,0,0,0.0,38.4,0.0,Legal
user013,2026-05-05,1,0,10.7,10.7,0,0,1,1,14,3,5,0,0,0.0,33.2,0.0,Legal
user013,2026-05-06,2,0,9.516666666666667,9.516666666666667,0,0,1,1,8,2,0,0,0,0.0,50.4,0.0,Legal
user013,2026-05-07,3,0,9.466666666666667,9.466666666666667,0,0,1,1,13,4,3,0,0,0.0,4.3,0.0,Legal
user013,2026-05-08,4,0,10.65,10.65,0,0,1,1,15,3,6,0,0,0.0,33.0,0.0,Legal
user013,2026-05-09,5,1,,,0,0,0,0,16,4,2,0,0,0.0,19.6,0.0,Legal
user013,2026-05-10,6,1,,,0,0,0,0,12,4,1,1,0,26.5,6.6,0.0,Legal
user013,2026-05-11,0,0,10.2,10.2,0,0,1,1,12,2,4,0,0,0.0,15.5,0.0,Legal
user013,2026-05-12,1,0,11.566666666666666,11.566666666666666,0,0,1,1,13,6,4,0,0,0.0,1.0,0.0,Legal
user013,2026-05-13,2,0,10.25,10.25,0,0,1,1,15,5,4,0,0,0.0,30.5,30.5,Legal
user013,2026-05-14,3,0,10.683333333333334,10.683333333333334,0,0,1,1,17,3,4,0,0,0.0,39.0,0.0,Legal
user013,2026-05-15,4,0,10.3,10.3,0,0,1,1,11,1,2,0,0,0.0,35.3,0.0,Legal
user013,2026-05-16,5,1,,,0,0,0,0,7,3,2,0,0,0.0,21.6,21.6,Legal
user013,2026-05-17,6,1,,,0,0,0,0,9,4,2,0,0,0.0,22.9,0.0,Legal
user013,2026-05-18,0,0,8.616666666666667,8.616666666666667,0,0,1,1,11,3,2,0,0,0.0,4.3,0.0,Legal
user013,2026-05-19,1,0,9.55,9.55,0,0,1,1,17,6,4,0,0,0.0,20.4,0.0,Legal
user013,2026-05-20,2,0,11.166666666666666,11.166666666666666,0,0,1,1,16,6,3,0,0,0.0,1.0,0.0,Legal
user013,2026-05-21,3,0,10.483333333333333,10.483333333333333,0,0,1,1,11,4,4,0,0,0.0,47.8,0.0,Legal
user013,2026-05-22,4,0,10.833333333333334,10.833333333333334,0,0,1,1,16,3,7,0,0,0.0,25.4,25.4,Legal
user013,2026-05-23,5,1,,,0,0,0,0,18,4,12,0,0,0.0,36.8,0.0,Legal
user013,2026-05-24,6,1,,,0,0,0,0,18,2,4,0,0,0.0,14.4,0.0,Legal
user013,2026-05-25,0,0,9.9,9.9,0,0,1,1,17,4,5,0,0,0.0,15.4,0.0,Legal
user013,2026-05-26,1,0,9.766666666666667,9.766666666666667,0,0,1,1,16,3,5,0,0,0.0,14.3,0.0,Legal
user013,2026-05-27,2,0,9.283333333333333,9.283333333333333,0,0,1,1,15,3,7,0,0,0.0,15.1,0.0,Legal
user013,2026-05-28,3,0,10.133333333333333,10.133333333333333,0,0,1,1,20,6,12,0,0,0.0,31.2,0.0,Legal
user013,2026-05-29,4,0,8.6,8.6,0,0,1,1,10,4,3,0,0,0.0,29.4,0.0,Legal
user013,2026-05-30,5,1,,,0,0,0,0,14,6,2,0,0,0.0,8.3,0.0,Legal
user013,2026-05-31,6,1,8.766666666666667,8.766666666666667,0,0,1,1,10,5,3,0,0,0.0,3.1,0.0,Legal
user013,2026-06-01,0,0,9.633333333333333,9.633333333333333,0,0,1,1,17,4,7,0,0,0.0,19.9,0.0,Legal
user013,2026-06-02,1,0,10.55,10.55,0,0,1,1,11,1,4,0,0,0.0,27.2,0.0,Legal
user013,2026-06-03,2,0,11.216666666666667,11.216666666666667,0,0,1,1,17,4,5,0,0,0.0,1.0,0.0,Legal
user013,2026-06-04,3,0,10.416666666666666,10.416666666666666,0,0,1,1,10,1,3,0,0,0.0,29.7,0.0,Legal
user013,2026-06-05,4,0,10.316666666666666,10.316666666666666,0,0,1,1,5,2,1,0,0,0.0,10.7,0.0,Legal
user013,2026-06-06,5,1,,,0,0,0,0,12,6,3,0,0,0.0,40.5,0.0,Legal
user013,2026-06-07,6,1,,,0,0,0,0,13,3,6,1,0,39.1,20.5,0.0,Legal
user013,2026-06-08,0,0,11.75,11.75,0,0,1,1,6,1,2,0,0,0.0,12.7,0.0,Legal
user013,2026-06-09,1,0,10.883333333333333,10.883333333333333,0,0,1,1,10,2,3,0,0,0.0,42.9,0.0,Legal
user013,2026-06-10,2,0,10.566666666666666,10.566666666666666,0,0,1,1,7,2,2,0,0,0.0,24.1,24.1,Legal
user013,2026-06-11,3,0,8.433333333333334,8.433333333333334,0,0,1,1,12,4,1,0,0,0.0,51.5,0.0,Legal
user013,2026-06-12,4,0,10.116666666666667,10.116666666666667,0,0,1,1,5,1,0,0,0,0.0,41.5,0.0,Legal
user013,2026-06-13,5,1,,,0,0,0,0,4,0,1,0,0,0.0,3.6,3.6,Legal
user013,2026-06-14,6,1,,,0,0,0,0,7,2,2,0,0,0.0,29.3,0.0,Legal
user013,2026-06-15,0,0,9.916666666666666,9.916666666666666,0,0,1,1,12,4,6,0,0,0.0,19.8,0.0,Legal
user013,2026-06-16,1,0,9.75,9.75,0,0,1,1,7,1,1,0,0,0.0,29.2,29.2,Legal
user013,2026-06-17,2,0,10.433333333333334,10.433333333333334,0,0,1,1,11,2,6,0,0,0.0,35.3,0.0,Legal
user013,2026-06-18,3,0,9.35,9.35,0,0,1,1,17,4,4,0,0,0.0,4.4,0.0,Legal
user013,2026-06-19,4,0,9.033333333333333,9.033333333333333,0,0,1,1,12,3,4,0,0,0.0,10.3,0.0,Legal
user013,2026-06-20,5,1,,,0,0,0,0,12,1,3,0,0,0.0,19.8,0.0,Legal
user013,2026-06-21,6,1,,,0,0,0,0,14,5,3,0,0,0.0,19.1,19.1,Legal
user013,2026-06-22,0,0,8.916666666666666,8.916666666666666,0,0,1,1,17,4,4,0,0,0.0,2.9,0.0,Legal
user013,2026-06-23,1,0,10.816666666666666,10.816666666666666,0,0,1,1,12,2,2,0,0,0.0,51.6,0.0,Legal
user013,2026-06-24,2,0,9.716666666666667,9.716666666666667,0,0,1,1,14,2,8,0,0,0.0,34.7,0.0,Legal
user013,2026-06-25,3,0,9.966666666666667,9.966666666666667,0,0,1,1,15,2,8,0,0,0.0,38.4,0.0,Legal
user013,2026-06-26,4,0,10.616666666666667,10.616666666666667,0,0,1,1,8,1,4,0,0,0.0,31.5,0.0,Legal
user013,2026-06-27,5,1,,,0,0,0,0,8,4,2,0,0,0.0,14.4,0.0,Legal
user013,2026-06-28,6,1,,,0,0,0,0,5,0,1,0,0,0.0,31.9,0.0,Legal
user013,2026-06-29,0,0,8.583333333333334,8.583333333333334,0,0,1,1,9,0,1,0,0,0.0,16.9,0.0,Legal
user014,2026-05-01,4,0,8.483333333333333,8.483333333333333,0,0,1,1,11,0,5,0,0,0.0,40.6,40.6,IT Ops
user014,2026-05-02,5,1,,,0,0,0,0,15,0,3,0,0,0.0,29.6,29.6,IT Ops
user014,2026-05-03,6,1,,,0,0,0,0,13,0,1,0,0,0.0,44.4,0.0,IT Ops
user014,2026-05-04,0,0,8.95,8.95,0,0,1,1,14,0,5,0,0,0.0,70.6,0.0,IT Ops
user014,2026-05-05,1,0,8.1,8.1,0,0,1,1,3,0,0,0,0,0.0,30.0,0.0,IT Ops
user014,2026-05-06,2,0,8.35,8.35,0,0,1,1,14,0,2,0,0,0.0,9.5,0.0,IT Ops
user014,2026-05-07,3,0,8.7,8.7,0,0,1,1,12,0,2,0,0,0.0,46.7,0.0,IT Ops
user014,2026-05-08,4,0,9.2,9.2,0,0,1,1,6,0,0,0,0,0.0,25.2,0.0,IT Ops
user014,2026-05-09,5,1,,,0,0,0,0,11,0,6,0,0,0.0,26.9,26.9,IT Ops
user014,2026-05-10,6,1,,,0,0,0,0,16,0,5,0,0,0.0,57.3,0.0,IT Ops
user014,2026-05-11,0,0,8.583333333333334,8.583333333333334,0,0,1,1,11,0,2,0,0,0.0,18.1,0.0,IT Ops
user014,2026-05-12,1,0,10.6,10.6,0,0,1,1,7,0,1,0,0,0.0,42.7,42.7,IT Ops
user014,2026-05-13,2,0,8.583333333333334,8.583333333333334,0,0,1,1,13,0,2,0,0,0.0,28.1,0.0,IT Ops
user014,2026-05-14,3,0,9.266666666666667,9.266666666666667,0,0,1,1,9,0,6,0,0,0.0,28.4,0.0,IT Ops
user014,2026-05-15,4,0,9.2,9.2,0,0,1,1,9,0,4,0,0,0.0,48.5,0.0,IT Ops
user014,2026-05-16,5,1,,,0,0,0,0,8,0,2,0,0,0.0,82.2,0.0,IT Ops
user014,2026-05-17,6,1,,,0,0,0,0,16,0,3,0,0,0.0,18.1,18.1,IT Ops
user014,2026-05-18,0,0,9.25,9.25,0,0,1,1,13,0,4,0,0,0.0,63.0,0.0,IT Ops
user014,2026-05-19,1,0,8.45,8.45,0,0,1,1,13,0,4,0,0,0.0,39.2,0.0,IT Ops
user014,2026-05-20,2,0,7.966666666666667,7.966666666666667,0,0,1,1,8,0,6,0,0,0.0,72.9,0.0,IT Ops
user014,2026-05-21,3,0,7.8,7.8,0,0,1,1,7,0,1,0,0,0.0,28.1,28.1,IT Ops
user014,2026-05-22,4,0,9.083333333333334,9.083333333333334,0,0,1,1,17,0,5,1,0,11.6,37.4,0.0,IT Ops
user014,2026-05-23,5,1,,,0,0,0,0,7,0,3,0,0,0.0,40.4,0.0,IT Ops
user014,2026-05-24,6,1,9.4,9.4,0,0,1,1,5,0,2,0,0,0.0,31.5,0.0,IT Ops
user014,2026-05-25,0,0,8.283333333333333,8.283333333333333,0,0,1,1,8,0,5,0,0,0.0,31.3,0.0,IT Ops
user014,2026-05-26,1,0,8.266666666666667,8.266666666666667,0,0,1,1,13,0,3,0,0,0.0,37.6,0.0,IT Ops
user014,2026-05-27,2,0,8.233333333333333,8.233333333333333,0,0,1,1,14,0,5,0,0,0.0,49.9,0.0,IT Ops
user014,2026-05-28,3,0,9.55,9.55,0,0,1,1,14,0,7,0,0,0.0,26.0,26.0,IT Ops
user014,2026-05-29,4,0,9.316666666666666,9.316666666666666,0,0,1,1,10,0,1,1,0,10.6,42.0,0.0,IT Ops
user014,2026-05-30,5,1,,,0,0,0,0,2,0,1,0,0,0.0,44.0,0.0,IT Ops
user014,2026-05-31,6,1,,,0,0,0,0,4,0,2,0,0,0.0,1.0,1.0,IT Ops
user014,2026-06-01,0,0,9.966666666666667,9.966666666666667,0,0,1,1,4,0,1,0,0,0.0,28.5,0.0,IT Ops
user014,2026-06-02,1,0,8.566666666666666,8.566666666666666,0,0,1,1,9,0,3,0,0,0.0,17.8,0.0,IT Ops
user014,2026-06-03,2,0,10.0,10.0,0,0,1,1,14,0,3,0,0,0.0,23.5,0.0,IT Ops
user014,2026-06-04,3,0,7.966666666666667,7.966666666666667,0,0,1,1,14,0,4,0,0,0.0,35.8,0.0,IT Ops
user014,2026-06-05,4,0,8.716666666666667,8.716666666666667,0,0,1,1,11,0,4,0,0,0.0,36.7,0.0,IT Ops
user014,2026-06-06,5,1,,,0,0,0,0,12,0,4,0,0,0.0,11.9,0.0,IT Ops
user014,2026-06-07,6,1,,,0,0,0,0,7,0,0,0,0,0.0,27.7,0.0,IT Ops
user014,2026-06-08,0,0,8.533333333333333,8.533333333333333,0,0,1,1,17,0,2,0,0,0.0,33.2,0.0,IT Ops
user014,2026-06-09,1,0,9.05,9.05,0,0,1,1,17,0,5,1,0,18.7,24.3,0.0,IT Ops
user014,2026-06-10,2,0,8.75,8.75,0,0,1,1,9,0,1,0,0,0.0,46.8,0.0,IT Ops
user014,2026-06-11,3,0,9.383333333333333,9.383333333333333,0,0,1,1,12,0,1,0,0,0.0,66.8,66.8,IT Ops
user014,2026-06-12,4,0,9.683333333333334,9.683333333333334,0,0,1,1,11,0,4,0,0,0.0,29.5,0.0,IT Ops
user014,2026-06-13,5,1,,,0,0,0,0,15,0,6,0,0,0.0,47.6,0.0,IT Ops
user014,2026-06-14,6,1,,,0,0,0,0,3,0,2,0,0,0.0,47.5,0.0,IT Ops
user014,2026-06-15,0,0,7.916666666666667,7.916666666666667,0,0,1,1,16,0,11,1,0,16.9,26.7,0.0,IT Ops
user014,2026-06-16,1,0,9.233333333333333,9.233333333333333,0,0,1,1,9,0,6,0,0,0.0,8.7,8.7,IT Ops
user014,2026-06-17,2,0,9.166666666666666,9.166666666666666,0,0,1,1,4,0,2,0,0,0.0,22.8,22.8,IT Ops
user014,2026-06-18,3,0,8.85,8.85,0,0,1,1,15,0,5,0,0,0.0,61.4,61.4,IT Ops
user014,2026-06-19,4,0,9.066666666666666,9.066666666666666,0,0,1,1,2,0,1,0,0,0.0,33.9,0.0,IT Ops
user014,2026-06-20,5,1,,,0,0,0,0,9,0,2,0,0,0.0,42.1,0.0,IT Ops
user014,2026-06-21,6,1,,,0,0,0,0,8,0,4,0,0,0.0,73.8,0.0,IT Ops
user014,2026-06-22,0,0,7.8,7.8,0,0,1,1,14,0,6,0,0,0.0,69.1,69.1,IT Ops
user014,2026-06-23,1,0,9.1,9.1,0,0,1,1,8,0,2,0,0,0.0,35.9,35.9,IT Ops
user014,2026-06-24,2,0,8.933333333333334,8.933333333333334,0,0,1,1,14,0,5,0,0,0.0,40.9,0.0,IT Ops
user014,2026-06-25,3,0,8.9,8.9,0,0,1,1,19,0,5,0,0,0.0,30.9,0.0,IT Ops
user014,2026-06-26,4,0,8.766666666666667,8.766666666666667,0,0,1,1,11,0,3,0,0,0.0,20.7,0.0,IT Ops
user014,2026-06-27,5,1,,,0,0,0,0,13,0,4,0,0,0.0,40.8,40.8,IT Ops
user014,2026-06-28,6,1,,,0,0,0,0,10,0,1,0,0,0.0,46.5,0.0,IT Ops
user014,2026-06-29,0,0,7.816666666666666,7.816666666666666,0,0,1,1,14,0,3,0,0,0.0,22.6,0.0,IT Ops
user015,2026-05-01,4,0,8.7,8.7,0,0,1,1,9,3,0,0,0,0.0,57.1,57.1,Finance
user015,2026-05-02,5,1,,,0,0,0,0,8,2,1,0,0,0.0,69.1,0.0,Finance
user015,2026-05-03,6,1,,,0,0,0,0,7,2,3,0,0,0.0,83.3,83.3,Finance
user015,2026-05-04,0,0,9.65,9.65,0,0,1,1,18,5,5,0,0,0.0,41.5,0.0,Finance
user015,2026-05-05,1,0,8.733333333333333,8.733333333333333,0,0,1,1,6,1,1,0,0,0.0,62.4,0.0,Finance
user015,2026-05-06,2,0,8.133333333333333,8.133333333333333,0,0,1,1,12,3,0,0,0,0.0,49.0,49.0,Finance
user015,2026-05-07,3,0,9.466666666666667,9.466666666666667,0,0,1,1,7,2,3,0,0,0.0,46.6,46.6,Finance
user015,2026-05-08,4,0,9.2,9.2,0,0,1,1,12,3,4,0,0,0.0,74.9,74.9,Finance
user015,2026-05-09,5,1,,,0,0,0,0,13,5,4,0,0,0.0,52.0,0.0,Finance
user015,2026-05-10,6,1,,,0,0,0,0,12,3,3,0,0,0.0,57.2,0.0,Finance
user015,2026-05-11,0,0,9.233333333333333,9.233333333333333,0,0,1,1,9,5,5,0,0,0.0,55.3,0.0,Finance
user015,2026-05-12,1,0,8.733333333333333,8.733333333333333,0,0,1,1,5,2,1,0,0,0.0,46.6,0.0,Finance
user015,2026-05-13,2,0,9.016666666666667,9.016666666666667,0,0,1,1,11,4,3,0,0,0.0,75.1,75.1,Finance
user015,2026-05-14,3,0,9.2,9.2,0,0,1,1,11,3,3,0,0,0.0,57.9,57.9,Finance
user015,2026-05-15,4,0,9.066666666666666,9.066666666666666,0,0,1,1,13,3,3,0,0,0.0,50.0,0.0,Finance
user015,2026-05-16,5,1,,,0,0,0,0,15,6,3,0,0,0.0,48.3,0.0,Finance
user015,2026-05-17,6,1,,,0,0,0,0,10,2,3,0,0,0.0,45.9,0.0,Finance
user015,2026-05-18,0,0,9.85,9.85,0,0,1,1,4,2,1,1,1,23.0,14.1,14.1,Finance
user015,2026-05-19,1,0,8.716666666666667,8.716666666666667,0,0,1,1,13,5,6,0,0,0.0,61.3,0.0,Finance
user015,2026-05-20,2,0,9.266666666666667,9.266666666666667,0,0,1,1,6,2,2,0,0,0.0,49.4,0.0,Finance
user015,2026-05-21,3,0,8.383333333333333,8.383333333333333,0,0,1,1,10,3,3,0,0,0.0,71.5,0.0,Finance
user015,2026-05-22,4,0,9.116666666666667,9.116666666666667,0,0,1,1,13,3,2,0,0,0.0,48.8,48.8,Finance
user015,2026-05-23,5,1,,,0,0,0,0,7,1,4,0,0,0.0,59.9,0.0,Finance
user015,2026-05-24,6,1,,,0,0,0,0,16,4,3,0,0,0.0,28.9,0.0,Finance
user015,2026-05-25,0,0,9.583333333333334,9.583333333333334,0,0,1,1,6,3,1,0,0,0.0,59.5,0.0,Finance
user015,2026-05-26,1,0,9.4,9.4,0,0,1,1,5,1,1,0,0,0.0,37.6,37.6,Finance
user015,2026-05-27,2,0,8.866666666666667,8.866666666666667,0,0,1,1,11,2,5,0,0,0.0,59.2,0.0,Finance
user015,2026-05-28,3,0,9.033333333333333,9.033333333333333,0,0,1,1,6,1,1,0,0,0.0,63.5,0.0,Finance
user015,2026-05-29,4,0,9.016666666666667,9.016666666666667,0,0,1,1,17,5,6,0,0,0.0,46.0,46.0,Finance
user015,2026-05-30,5,1,,,0,0,0,0,17,6,8,0,0,0.0,50.3,50.3,Finance
user015,2026-05-31,6,1,,,0,0,0,0,0,0,0,0,0,0.0,73.6,0.0,Finance
user015,2026-06-01,0,0,9.366666666666667,9.366666666666667,0,0,1,1,13,4,5,0,0,0.0,57.2,0.0,Finance
user015,2026-06-02,1,0,8.933333333333334,8.933333333333334,0,0,1,1,9,1,2,0,0,0.0,44.0,0.0,Finance
user015,2026-06-03,2,0,9.733333333333333,9.733333333333333,0,0,1,1,10,0,3,0,0,0.0,64.6,0.0,Finance
user015,2026-06-04,3,0,9.4,9.4,0,0,1,1,8,3,2,0,0,0.0,41.6,0.0,Finance
user015,2026-06-05,4,0,9.483333333333333,9.483333333333333,0,0,1,1,8,2,6,0,0,0.0,70.9,0.0,Finance
user015,2026-06-06,5,1,,,0,0,0,0,8,2,2,0,0,0.0,47.2,0.0,Finance
user015,2026-06-07,6,1,,,0,0,0,0,4,1,2,0,0,0.0,50.0,0.0,Finance
user015,2026-06-08,0,0,9.033333333333333,9.033333333333333,0,0,1,1,12,3,2,0,0,0.0,55.5,0.0,Finance
user015,2026-06-09,1,0,8.933333333333334,8.933333333333334,0,0,1,1,9,3,4,0,0,0.0,58.3,0.0,Finance
user015,2026-06-10,2,0,8.45,8.45,0,0,1,1,6,0,2,0,0,0.0,54.1,0.0,Finance
user015,2026-06-11,3,0,9.516666666666667,9.516666666666667,0,0,1,1,12,4,4,0,0,0.0,57.5,57.5,Finance
user015,2026-06-12,4,0,8.933333333333334,8.933333333333334,0,0,1,1,11,3,1,0,0,0.0,72.9,0.0,Finance
user015,2026-06-13,5,1,,,0,0,0,0,7,3,0,0,0,0.0,62.7,62.7,Finance
user015,2026-06-14,6,1,,,0,0,0,0,7,3,5,0,0,0.0,21.4,0.0,Finance
user015,2026-06-15,0,0,9.533333333333333,9.533333333333333,0,0,1,1,8,1,3,0,0,0.0,61.0,0.0,Finance
user015,2026-06-16,1,0,8.766666666666667,8.766666666666667,0,0,1,1,13,4,3,0,0,0.0,49.8,0.0,Finance
user015,2026-06-17,2,0,8.4,8.4,0,0,1,1,7,3,2,0,0,0.0,44.8,44.8,Finance
user015,2026-06-18,3,0,9.233333333333333,9.233333333333333,0,0,1,1,14,2,5,0,0,0.0,43.6,0.0,Finance
user015,2026-06-19,4,0,8.883333333333333,8.883333333333333,0,0,1,1,10,0,2,0,0,0.0,62.1,0.0,Finance
user015,2026-06-20,5,1,,,0,0,0,0,2,0,0,0,0,0.0,67.7,0.0,Finance
user015,2026-06-21,6,1,,,0,0,0,0,5,1,1,0,0,0.0,66.0,0.0,Finance
user015,2026-06-22,0,0,9.666666666666666,9.666666666666666,0,0,1,1,9,2,3,0,0,0.0,36.7,0.0,Finance
user015,2026-06-23,1,0,9.083333333333334,9.083333333333334,0,0,1,1,7,2,1,0,0,0.0,86.7,0.0,Finance
user015,2026-06-24,2,0,9.116666666666667,9.116666666666667,0,0,1,1,4,1,1,0,0,0.0,64.1,0.0,Finance
user015,2026-06-25,3,0,8.6,8.6,0,0,1,1,8,3,1,0,0,0.0,69.5,0.0,Finance
user015,2026-06-26,4,0,9.133333333333333,9.133333333333333,0,0,1,1,13,3,3,1,0,5.6,48.0,0.0,Finance
user015,2026-06-27,5,1,,,0,0,0,0,10,2,2,0,0,0.0,50.0,0.0,Finance
user015,2026-06-28,6,1,,,0,0,0,0,6,1,4,0,0,0.0,83.2,0.0,Finance
user015,2026-06-29,0,0,8.466666666666667,8.466666666666667,0,0,1,1,13,2,7,0,0,0.0,47.7,0.0,Finance
user016,2026-05-01,4,0,9.766666666666667,9.766666666666667,0,0,1,1,28,0,10,0,0,0.0,80.7,80.7,Sales
user016,2026-05-02,5,1,,,0,0,0,0,18,0,6,1,0,13.2,65.4,65.4,Sales
user016,2026-05-03,6,1,,,0,0,0,0,16,0,5,0,0,0.0,55.6,0.0,Sales
user016,2026-05-04,0,0,8.383333333333333,8.383333333333333,0,0,1,1,23,0,4,0,0,0.0,58.4,0.0,Sales
user016,2026-05-05,1,0,9.216666666666667,9.216666666666667,0,0,1,1,21,0,6,0,0,0.0,71.3,71.3,Sales
user016,2026-05-06,2,0,8.733333333333333,8.733333333333333,0,0,1,1,24,0,9,0,0,0.0,73.6,0.0,Sales
user016,2026-05-07,3,0,9.766666666666667,9.766666666666667,0,0,1,1,24,0,9,0,0,0.0,68.5,0.0,Sales
user016,2026-05-08,4,0,9.2,9.2,0,0,1,1,18,0,6,0,0,0.0,107.4,0.0,Sales
user016,2026-05-09,5,1,,,0,0,0,0,24,0,6,0,0,0.0,80.8,0.0,Sales
user016,2026-05-10,6,1,,,0,0,0,0,21,0,7,0,0,0.0,55.2,0.0,Sales
user016,2026-05-11,0,0,9.85,9.85,0,0,1,1,21,0,7,0,0,0.0,80.4,0.0,Sales
user016,2026-05-12,1,0,9.666666666666666,9.666666666666666,0,0,1,1,18,0,10,0,0,0.0,68.5,0.0,Sales
user016,2026-05-13,2,0,9.566666666666666,9.566666666666666,0,0,1,1,19,0,6,0,0,0.0,62.8,62.8,Sales
user016,2026-05-14,3,0,9.033333333333333,9.033333333333333,0,0,1,1,21,0,4,0,0,0.0,87.1,0.0,Sales
user016,2026-05-15,4,0,9.75,9.75,0,0,1,1,10,0,2,0,0,0.0,67.9,0.0,Sales
user016,2026-05-16,5,1,,,0,0,0,0,25,0,5,0,0,0.0,61.4,0.0,Sales
user016,2026-05-17,6,1,,,0,0,0,0,17,0,7,0,0,0.0,69.0,69.0,Sales
user016,2026-05-18,0,0,9.716666666666667,9.716666666666667,0,0,1,1,27,0,6,0,0,0.0,102.6,102.6,Sales
user016,2026-05-19,1,0,9.7,9.7,0,0,1,1,22,0,9,0,0,0.0,45.9,0.0,Sales
user016,2026-05-20,2,0,10.25,10.25,0,0,1,1,23,0,4,0,0,0.0,85.7,0.0,Sales
user016,2026-05-21,3,0,9.866666666666667,9.866666666666667,0,0,1,1,16,0,5,0,0,0.0,57.1,0.0,Sales
user016,2026-05-22,4,0,9.9,9.9,0,0,1,1,22,0,4,0,0,0.0,82.2,0.0,Sales
user016,2026-05-23,5,1,,,0,0,0,0,22,0,7,0,0,0.0,75.0,0.0,Sales
user016,2026-05-24,6,1,,,0,0,0,0,22,0,10,0,0,0.0,52.3,0.0,Sales
user016,2026-05-25,0,0,9.683333333333334,9.683333333333334,0,0,1,1,17,0,3,0,0,0.0,61.6,61.6,Sales
user016,2026-05-26,1,0,9.65,9.65,0,0,1,1,24,0,5,0,0,0.0,104.9,0.0,Sales
user016,2026-05-27,2,0,9.983333333333333,9.983333333333333,0,0,1,1,26,0,6,0,0,0.0,63.3,63.3,Sales
user016,2026-05-28,3,0,9.45,9.45,0,0,1,1,25,0,4,0,0,0.0,74.6,74.6,Sales
user016,2026-05-29,4,0,8.983333333333333,8.983333333333333,0,0,1,1,21,0,9,0,0,0.0,59.7,59.7,Sales
user016,2026-05-30,5,1,,,0,0,0,0,22,0,9,0,0,0.0,72.6,0.0,Sales
user016,2026-05-31,6,1,9.983333333333333,9.983333333333333,0,0,1,1,23,0,7,0,0,0.0,75.9,0.0,Sales
user016,2026-06-01,0,0,8.883333333333333,8.883333333333333,0,0,1,1,32,0,11,0,0,0.0,60.1,0.0,Sales
user016,2026-06-02,1,0,9.916666666666666,9.916666666666666,0,0,1,1,23,0,7,0,0,0.0,58.8,0.0,Sales
user016,2026-06-03,2,0,9.416666666666666,9.416666666666666,0,0,1,1,23,0,5,0,0,0.0,74.7,0.0,Sales
user016,2026-06-04,3,0,9.833333333333334,9.833333333333334,0,0,1,1,21,0,9,1,0,22.3,82.5,0.0,Sales
user016,2026-06-05,4,0,9.15,9.15,0,0,1,1,24,0,6,1,0,17.7,74.2,0.0,Sales
user016,2026-06-06,5,1,,,0,0,0,0,17,0,6,0,0,0.0,87.3,0.0,Sales
user016,2026-06-07,6,1,,,0,0,0,0,14,0,2,0,0,0.0,82.4,0.0,Sales
user016,2026-06-08,0,0,9.483333333333333,9.483333333333333,0,0,1,1,19,0,3,0,0,0.0,80.6,0.0,Sales
user016,2026-06-09,1,0,9.3,9.3,0,0,1,1,22,0,5,0,0,0.0,113.5,0.0,Sales
user016,2026-06-10,2,0,8.4,8.4,0,0,1,1,18,0,4,0,0,0.0,99.4,99.4,Sales
user016,2026-06-11,3,0,9.566666666666666,9.566666666666666,0,0,1,1,16,0,2,0,0,0.0,74.9,74.9,Sales
user016,2026-06-12,4,0,10.066666666666666,10.066666666666666,0,0,1,1,22,0,8,0,0,0.0,81.5,0.0,Sales
user016,2026-06-13,5,1,,,0,0,0,0,16,0,3,0,0,0.0,57.8,57.8,Sales
user016,2026-06-14,6,1,,,0,0,0,0,17,0,4,0,0,0.0,48.2,0.0,Sales
user016,2026-06-15,0,0,10.0,10.0,0,0,1,1,27,0,11,0,0,0.0,71.9,0.0,Sales
user016,2026-06-16,1,0,9.1,9.1,0,0,1,1,31,0,10,0,0,0.0,63.5,0.0,Sales
user016,2026-06-17,2,0,9.583333333333334,9.583333333333334,0,0,1,1,28,0,11,0,0,0.0,54.6,0.0,Sales
user016,2026-06-18,3,0,8.35,8.35,0,0,1,1,14,0,4,0,0,0.0,85.5,0.0,Sales
user016,2026-06-19,4,0,9.05,9.05,0,0,1,1,26,0,9,1,1,1007.8,76.2,0.0,Sales
user016,2026-06-20,5,1,,,0,0,0,0,22,0,5,0,0,0.0,76.0,0.0,Sales
user016,2026-06-21,6,1,,,0,0,0,0,18,0,10,0,0,0.0,60.1,0.0,Sales
user016,2026-06-22,0,0,8.0,8.0,0,0,1,1,27,0,5,0,0,0.0,80.3,0.0,Sales
user016,2026-06-23,1,0,9.166666666666666,9.166666666666666,0,0,1,1,17,0,6,0,0,0.0,75.9,0.0,Sales
user016,2026-06-24,2,0,9.733333333333333,9.733333333333333,0,0,1,1,17,0,8,0,0,0.0,74.5,0.0,Sales
user016,2026-06-25,3,0,9.966666666666667,9.966666666666667,0,0,1,1,28,0,6,0,0,0.0,79.6,0.0,Sales
user016,2026-06-26,4,0,10.133333333333333,10.133333333333333,0,0,1,1,27,0,11,0,0,0.0,104.6,104.6,Sales
user016,2026-06-27,5,1,,,0,0,0,0,22,0,6,1,0,6.9,46.2,0.0,Sales
user016,2026-06-28,6,1,,,0,0,0,0,24,0,9,0,0,0.0,85.0,0.0,Sales
user016,2026-06-29,0,0,9.55,9.55,0,0,1,1,18,0,3,0,0,0.0,72.6,0.0,Sales
user017,2026-05-01,4,0,10.016666666666667,10.016666666666667,0,0,1,1,6,0,3,0,0,0.0,46.4,0.0,Engineering
user017,2026-05-02,5,1,,,0,0,0,0,23,0,5,0,0,0.0,27.7,27.7,Engineering
user017,2026-05-03,6,1,,,0,0,0,0,27,0,9,0,0,0.0,4.9,0.0,Engineering
user017,2026-05-04,0,0,9.116666666666667,9.116666666666667,0,0,1,1,14,0,5,0,0,0.0,29.0,0.0,Engineering
user017,2026-05-05,1,0,9.533333333333333,9.533333333333333,0,0,1,1,14,0,4,0,0,0.0,25.3,0.0,Engineering
user017,2026-05-06,2,0,9.75,9.75,0,0,1,1,22,0,7,0,0,0.0,49.2,0.0,Engineering
user017,2026-05-07,3,0,8.033333333333333,8.033333333333333,0,0,1,1,12,0,5,0,0,0.0,38.3,0.0,Engineering
user017,2026-05-08,4,0,8.616666666666667,8.616666666666667,0,0,1,1,24,0,5,0,0,0.0,35.5,0.0,Engineering
user017,2026-05-09,5,1,,,0,0,0,0,18,0,5,1,0,7.0,41.4,0.0,Engineering
user017,2026-05-10,6,1,,,0,0,0,0,17,0,3,0,0,0.0,2.5,0.0,Engineering
user017,2026-05-11,0,0,8.666666666666666,8.666666666666666,0,0,1,1,18,0,6,0,0,0.0,29.1,0.0,Engineering
user017,2026-05-12,1,0,9.0,9.0,0,0,1,1,16,0,6,0,0,0.0,31.9,0.0,Engineering
user017,2026-05-13,2,0,7.983333333333333,7.983333333333333,0,0,1,1,12,0,4,0,0,0.0,41.4,0.0,Engineering
user017,2026-05-14,3,0,8.283333333333333,8.283333333333333,0,0,1,1,14,0,2,0,0,0.0,37.0,0.0,Engineering
user017,2026-05-15,4,0,8.883333333333333,8.883333333333333,0,0,1,1,22,0,5,1,0,28.9,19.2,0.0,Engineering
user017,2026-05-16,5,1,,,0,0,0,0,20,0,5,0,0,0.0,8.7,8.7,Engineering
user017,2026-05-17,6,1,,,0,0,0,0,16,0,6,0,0,0.0,15.2,0.0,Engineering
user017,2026-05-18,0,0,9.766666666666667,9.766666666666667,0,0,1,1,17,0,6,0,0,0.0,25.8,0.0,Engineering
user017,2026-05-19,1,0,9.366666666666667,9.366666666666667,0,0,1,1,16,0,5,0,0,0.0,20.3,20.3,Engineering
user017,2026-05-20,2,0,9.066666666666666,9.066666666666666,0,0,1,1,14,0,4,0,0,0.0,41.2,41.2,Engineering
user017,2026-05-21,3,0,8.9,8.9,0,0,1,1,16,0,8,0,0,0.0,42.9,0.0,Engineering
user017,2026-05-22,4,0,9.766666666666667,9.766666666666667,0,0,1,1,13,0,6,0,0,0.0,35.9,0.0,Engineering
user017,2026-05-23,5,1,9.033333333333333,9.033333333333333,0,0,1,1,15,0,5,0,0,0.0,53.8,0.0,Engineering
user017,2026-05-24,6,1,,,0,0,0,0,16,0,7,0,0,0.0,26.6,0.0,Engineering
user017,2026-05-25,0,0,8.2,8.2,0,0,1,1,11,0,4,0,0,0.0,60.1,0.0,Engineering
user017,2026-05-26,1,0,10.116666666666667,10.116666666666667,0,0,1,1,21,0,9,0,0,0.0,7.4,0.0,Engineering
user017,2026-05-27,2,0,8.666666666666666,8.666666666666666,0,0,1,1,16,0,3,0,0,0.0,26.7,0.0,Engineering
user017,2026-05-28,3,0,8.866666666666667,8.866666666666667,0,0,1,1,21,0,5,0,0,0.0,47.5,0.0,Engineering
user017,2026-05-29,4,0,9.633333333333333,9.633333333333333,0,0,1,1,17,0,1,0,0,0.0,31.7,0.0,Engineering
user017,2026-05-30,5,1,,,0,0,0,0,17,0,7,0,0,0.0,26.1,0.0,Engineering
user017,2026-05-31,6,1,,,0,0,0,0,23,0,6,0,0,0.0,21.5,0.0,Engineering
user017,2026-06-01,0,0,10.066666666666666,10.066666666666666,0,0,1,1,12,0,5,0,0,0.0,34.0,0.0,Engineering
user017,2026-06-02,1,0,9.683333333333334,9.683333333333334,0,0,1,1,32,0,8,0,0,0.0,52.5,0.0,Engineering
user017,2026-06-03,2,0,9.1,9.1,0,0,1,1,23,0,8,0,0,0.0,1.0,0.0,Engineering
user017,2026-06-04,3,0,9.066666666666666,9.066666666666666,0,0,1,1,20,0,4,0,0,0.0,17.8,0.0,Engineering
user017,2026-06-05,4,0,9.716666666666667,9.716666666666667,0,0,1,1,17,0,8,0,0,0.0,52.8,0.0,Engineering
user017,2026-06-06,5,1,,,0,0,0,0,14,0,3,0,0,0.0,28.2,0.0,Engineering
user017,2026-06-07,6,1,,,0,0,0,0,18,0,6,0,0,0.0,65.6,0.0,Engineering
user017,2026-06-08,0,0,9.3,9.3,0,0,1,1,17,0,4,0,0,0.0,48.7,0.0,Engineering
user017,2026-06-09,1,0,8.783333333333333,8.783333333333333,0,0,1,1,16,0,6,0,0,0.0,47.6,0.0,Engineering
user017,2026-06-10,2,0,8.75,8.75,0,0,1,1,17,0,5,0,0,0.0,25.2,0.0,Engineering
user017,2026-06-11,3,0,9.683333333333334,9.683333333333334,0,0,1,1,22,0,6,0,0,0.0,23.7,0.0,Engineering
user017,2026-06-12,4,0,10.55,10.55,0,0,1,1,22,0,7,0,0,0.0,23.3,0.0,Engineering
user017,2026-06-13,5,1,,,0,0,0,0,18,0,6,0,0,0.0,21.6,0.0,Engineering
user017,2026-06-14,6,1,,,0,0,0,0,20,0,8,0,0,0.0,37.5,0.0,Engineering
user017,2026-06-15,0,0,9.516666666666667,9.516666666666667,0,0,1,1,14,0,4,0,0,0.0,43.9,0.0,Engineering
user017,2026-06-16,1,0,9.4,9.4,0,0,1,1,22,0,6,0,0,0.0,26.2,0.0,Engineering
user017,2026-06-17,2,0,10.083333333333334,10.083333333333334,0,0,1,1,17,0,4,0,0,0.0,38.8,0.0,Engineering
user017,2026-06-18,3,0,8.883333333333333,8.883333333333333,0,0,1,1,13,0,7,0,0,0.0,48.9,0.0,Engineering
user017,2026-06-19,4,0,10.233333333333333,10.233333333333333,0,0,1,1,23,0,6,0,0,0.0,1.6,0.0,Engineering
user017,2026-06-20,5,1,,,0,0,0,0,20,0,7,0,0,0.0,9.6,0.0,Engineering
user017,2026-06-21,6,1,9.55,9.55,0,0,1,1,17,0,3,0,0,0.0,47.6,0.0,Engineering
user017,2026-06-22,0,0,9.35,9.35,0,0,1,1,14,0,3,0,0,0.0,47.0,0.0,Engineering
user017,2026-06-23,1,0,9.033333333333333,9.033333333333333,0,0,1,1,18,0,7,0,0,0.0,35.7,35.7,Engineering
user017,2026-06-24,2,0,9.4,9.4,0,0,1,1,27,0,10,0,0,0.0,27.9,0.0,Engineering
user017,2026-06-25,3,0,10.533333333333333,10.533333333333333,0,0,1,1,17,4,11,0,0,0.0,26.3,26.3,Engineering
user017,2026-06-26,4,0,2.3333333333333335,2.3333333333333335,1,2,3,3,44,44,44,0,0,0.0,0.0,0.0,Engineering
user017,2026-06-27,5,1,,,0,0,0,0,33,13,20,1,1,721.4,1589.8000000000002,1562.4,Engineering
user017,2026-06-28,6,1,8.8,8.8,0,0,1,1,15,0,5,0,0,0.0,56.4,56.4,Engineering
user017,2026-06-29,0,0,10.433333333333334,10.433333333333334,0,0,1,1,18,0,7,0,0,0.0,30.8,0.0,Engineering
user018,2026-05-01,4,0,8.833333333333334,8.833333333333334,0,0,1,1,18,3,7,0,0,0.0,13.9,0.0,Finance
user018,2026-05-02,5,1,,,0,0,0,0,25,4,10,0,0,0.0,57.7,0.0,Finance
user018,2026-05-03,6,1,,,0,0,0,0,20,4,8,0,0,0.0,61.9,0.0,Finance
user018,2026-05-04,0,0,8.083333333333334,8.083333333333334,0,0,1,1,20,6,6,0,0,0.0,56.7,0.0,Finance
user018,2026-05-05,1,0,8.366666666666667,8.366666666666667,0,0,1,1,21,4,4,0,0,0.0,76.1,0.0,Finance
user018,2026-05-06,2,0,9.9,9.9,0,0,1,1,14,7,5,0,0,0.0,52.3,52.3,Finance
user018,2026-05-07,3,0,9.25,9.25,0,0,1,1,23,4,3,0,0,0.0,72.1,0.0,Finance
user018,2026-05-08,4,0,10.1,10.1,0,0,1,1,20,5,8,0,0,0.0,66.3,0.0,Finance
user018,2026-05-09,5,1,,,0,0,0,0,12,1,0,0,0,0.0,64.9,0.0,Finance
user018,2026-05-10,6,1,,,0,0,0,0,17,3,6,0,0,0.0,75.1,0.0,Finance
user018,2026-05-11,0,0,8.016666666666667,8.016666666666667,0,0,1,1,18,4,7,0,0,0.0,62.0,0.0,Finance
user018,2026-05-12,1,0,7.733333333333333,7.733333333333333,0,0,1,1,19,4,6,0,0,0.0,58.7,0.0,Finance
user018,2026-05-13,2,0,9.4,9.4,0,0,1,1,20,5,5,0,0,0.0,37.3,0.0,Finance
user018,2026-05-14,3,0,8.9,8.9,0,0,1,1,20,4,4,0,0,0.0,61.5,0.0,Finance
user018,2026-05-15,4,0,9.666666666666666,9.666666666666666,0,0,1,1,21,3,5,0,0,0.0,55.3,0.0,Finance
user018,2026-05-16,5,1,,,0,0,0,0,22,7,5,0,0,0.0,85.0,0.0,Finance
user018,2026-05-17,6,1,,,0,0,0,0,23,3,6,0,0,0.0,50.9,0.0,Finance
user018,2026-05-18,0,0,10.2,10.2,0,0,1,1,34,11,8,0,0,0.0,66.9,0.0,Finance
user018,2026-05-19,1,0,10.1,10.1,0,0,1,1,21,7,6,0,0,0.0,34.5,0.0,Finance
user018,2026-05-20,2,0,8.266666666666667,8.266666666666667,0,0,1,1,23,4,2,0,0,0.0,136.4,136.4,Finance
user018,2026-05-21,3,0,8.016666666666667,8.016666666666667,0,0,1,1,14,1,3,0,0,0.0,59.7,0.0,Finance
user018,2026-05-22,4,0,7.633333333333333,7.633333333333333,0,0,1,1,18,8,7,0,0,0.0,77.9,0.0,Finance
user018,2026-05-23,5,1,,,0,0,0,0,20,4,7,0,0,0.0,69.3,0.0,Finance
user018,2026-05-24,6,1,,,0,0,0,0,20,4,7,0,0,0.0,66.7,0.0,Finance
user018,2026-05-25,0,0,9.016666666666667,9.016666666666667,0,0,1,1,19,6,5,0,0,0.0,53.5,0.0,Finance
user018,2026-05-26,1,0,8.8,8.8,0,0,1,1,14,1,3,0,0,0.0,56.8,0.0,Finance
user018,2026-05-27,2,0,9.183333333333334,9.183333333333334,0,0,1,1,18,6,7,0,0,0.0,59.5,0.0,Finance
user018,2026-05-28,3,0,8.083333333333334,8.083333333333334,0,0,1,1,18,8,9,0,0,0.0,65.9,0.0,Finance
user018,2026-05-29,4,0,8.7,8.7,0,0,1,1,18,7,10,0,0,0.0,75.7,0.0,Finance
user018,2026-05-30,5,1,,,0,0,0,0,16,2,5,0,0,0.0,30.2,0.0,Finance
user018,2026-05-31,6,1,,,0,0,0,0,20,4,5,0,0,0.0,51.4,51.4,Finance
user018,2026-06-01,0,0,8.8,8.8,0,0,1,1,25,7,7,0,0,0.0,83.6,0.0,Finance
user018,2026-06-02,1,0,8.883333333333333,8.883333333333333,0,0,1,1,22,7,8,0,0,0.0,38.8,38.8,Finance
user018,2026-06-03,2,0,9.1,9.1,0,0,1,1,21,5,9,0,0,0.0,31.8,0.0,Finance
user018,2026-06-04,3,0,9.85,9.85,0,0,1,1,20,5,6,0,0,0.0,52.2,0.0,Finance
user018,2026-06-05,4,0,9.716666666666667,9.716666666666667,0,0,1,1,19,6,6,0,0,0.0,74.5,0.0,Finance
user018,2026-06-06,5,1,,,0,0,0,0,17,5,5,0,0,0.0,43.0,0.0,Finance
user018,2026-06-07,6,1,,,0,0,0,0,22,5,10,0,0,0.0,75.6,0.0,Finance
user018,2026-06-08,0,0,8.8,8.8,0,0,1,1,26,4,12,0,0,0.0,89.7,0.0,Finance
user018,2026-06-09,1,0,8.916666666666666,8.916666666666666,0,0,1,1,26,5,6,0,0,0.0,92.1,0.0,Finance
user018,2026-06-10,2,0,9.3,9.3,0,0,1,1,29,6,12,0,0,0.0,66.2,66.2,Finance
user018,2026-06-11,3,0,9.533333333333333,9.533333333333333,0,0,1,1,25,5,4,0,0,0.0,72.5,0.0,Finance
user018,2026-06-12,4,0,8.983333333333333,8.983333333333333,0,0,1,1,24,3,9,0,0,0.0,76.0,0.0,Finance
user018,2026-06-13,5,1,,,0,0,0,0,21,5,6,0,0,0.0,73.5,0.0,Finance
user018,2026-06-14,6,1,,,0,0,0,0,15,2,3,0,0,0.0,48.2,0.0,Finance
user018,2026-06-15,0,0,9.083333333333334,9.083333333333334,0,0,1,1,19,4,6,0,0,0.0,63.1,0.0,Finance
user018,2026-06-16,1,0,8.383333333333333,8.383333333333333,0,0,1,1,28,3,8,0,0,0.0,83.7,83.7,Finance
user018,2026-06-17,2,0,9.383333333333333,9.383333333333333,0,0,1,1,25,6,7,0,0,0.0,85.2,0.0,Finance
user018,2026-06-18,3,0,9.116666666666667,9.116666666666667,0,0,1,1,19,7,6,0,0,0.0,80.9,80.9,Finance
user018,2026-06-19,4,0,9.016666666666667,9.016666666666667,0,0,1,1,23,5,5,0,0,0.0,66.0,0.0,Finance
user018,2026-06-20,5,1,,,0,0,0,0,20,3,5,0,0,0.0,64.3,0.0,Finance
user018,2026-06-21,6,1,,,0,0,0,0,20,3,6,0,0,0.0,68.7,0.0,Finance
user018,2026-06-22,0,0,10.083333333333334,10.083333333333334,0,0,1,1,24,10,5,0,0,0.0,47.2,47.2,Finance
user018,2026-06-23,1,0,7.733333333333333,7.733333333333333,0,0,1,1,18,6,5,0,0,0.0,68.9,0.0,Finance
user018,2026-06-24,2,0,9.55,9.55,0,0,1,1,24,6,8,0,0,0.0,56.1,0.0,Finance
user018,2026-06-25,3,0,9.616666666666667,9.616666666666667,0,0,1,1,22,6,10,0,0,0.0,76.9,0.0,Finance
user018,2026-06-26,4,0,9.85,9.85,0,0,1,1,24,6,8,0,0,0.0,54.6,0.0,Finance
user018,2026-06-27,5,1,,,0,0,0,0,23,5,5,0,0,0.0,60.6,60.6,Finance
user018,2026-06-28,6,1,,,0,0,0,0,20,6,9,0,0,0.0,40.9,0.0,Finance
user018,2026-06-29,0,0,9.033333333333333,9.033333333333333,0,0,1,1,14,4,4,0,0,0.0,69.6,0.0,Finance
user019,2026-05-01,4,0,10.483333333333333,10.483333333333333,0,0,1,1,21,2,5,0,0,0.0,46.1,0.0,Legal
user019,2026-05-02,5,1,,,0,0,0,0,16,6,2,0,0,0.0,22.0,0.0,Legal
user019,2026-05-03,6,1,,,0,0,0,0,10,2,3,0,0,0.0,27.7,0.0,Legal
user019,2026-05-04,0,0,11.45,11.45,0,0,1,1,19,5,1,0,0,0.0,40.7,0.0,Legal
user019,2026-05-05,1,0,11.516666666666667,11.516666666666667,0,0,1,1,15,2,4,0,0,0.0,57.5,0.0,Legal
user019,2026-05-06,2,0,12.066666666666666,12.066666666666666,0,0,1,1,23,7,7,0,0,0.0,60.1,0.0,Legal
user019,2026-05-07,3,0,10.616666666666667,10.616666666666667,0,0,1,1,19,4,5,0,0,0.0,14.3,0.0,Legal
user019,2026-05-08,4,0,11.633333333333333,11.633333333333333,0,0,1,1,19,6,1,0,0,0.0,38.7,0.0,Legal
user019,2026-05-09,5,1,,,0,0,0,0,17,5,4,0,0,0.0,49.2,0.0,Legal
user019,2026-05-10,6,1,,,0,0,0,0,11,2,5,0,0,0.0,27.5,0.0,Legal
user019,2026-05-11,0,0,9.816666666666666,9.816666666666666,0,0,1,1,13,1,3,0,0,0.0,29.8,0.0,Legal
user019,2026-05-12,1,0,10.766666666666667,10.766666666666667,0,0,1,1,20,4,8,0,0,0.0,29.8,0.0,Legal
user019,2026-05-13,2,0,11.733333333333333,11.733333333333333,0,0,1,1,22,8,7,0,0,0.0,56.8,0.0,Legal
user019,2026-05-14,3,0,10.883333333333333,10.883333333333333,0,0,1,1,22,8,10,0,0,0.0,35.2,0.0,Legal
user019,2026-05-15,4,0,9.45,9.45,0,0,1,1,20,4,7,0,0,0.0,39.0,0.0,Legal
user019,2026-05-16,5,1,,,0,0,0,0,21,3,5,0,0,0.0,36.1,36.1,Legal
user019,2026-05-17,6,1,,,0,0,0,0,17,8,7,0,0,0.0,52.0,52.0,Legal
user019,2026-05-18,0,0,10.633333333333333,10.633333333333333,0,0,1,1,8,1,4,0,0,0.0,53.3,0.0,Legal
user019,2026-05-19,1,0,11.966666666666667,11.966666666666667,0,0,1,1,19,5,6,0,0,0.0,21.4,0.0,Legal
user019,2026-05-20,2,0,11.566666666666666,11.566666666666666,0,0,1,1,20,5,9,0,0,0.0,66.5,0.0,Legal
user019,2026-05-21,3,0,12.183333333333334,12.183333333333334,0,0,1,1,18,5,8,0,0,0.0,25.6,0.0,Legal
user019,2026-05-22,4,0,11.3,11.3,0,0,1,1,16,5,4,0,0,0.0,38.5,38.5,Legal
user019,2026-05-23,5,1,,,0,0,0,0,17,5,5,0,0,0.0,21.6,0.0,Legal
user019,2026-05-24,6,1,,,0,0,0,0,15,4,5,0,0,0.0,59.4,0.0,Legal
user019,2026-05-25,0,0,10.8,10.8,0,0,1,1,17,4,4,0,0,0.0,31.8,0.0,Legal
user019,2026-05-26,1,0,11.283333333333333,11.283333333333333,0,0,1,1,12,5,5,0,0,0.0,28.9,28.9,Legal
user019,2026-05-27,2,0,11.55,11.55,0,0,1,1,18,3,5,0,0,0.0,30.5,0.0,Legal
user019,2026-05-28,3,0,10.883333333333333,10.883333333333333,0,0,1,1,18,5,8,0,0,0.0,43.7,43.7,Legal
user019,2026-05-29,4,0,10.933333333333334,10.933333333333334,0,0,1,1,13,5,6,0,0,0.0,21.0,0.0,Legal
user019,2026-05-30,5,1,,,0,0,0,0,11,2,3,0,0,0.0,35.8,35.8,Legal
user019,2026-05-31,6,1,,,0,0,0,0,9,1,4,0,0,0.0,59.6,0.0,Legal
user019,2026-06-01,0,0,10.1,10.1,0,0,1,1,16,5,8,0,0,0.0,53.4,53.4,Legal
user019,2026-06-02,1,0,11.166666666666666,11.166666666666666,0,0,1,1,19,3,4,0,0,0.0,33.4,33.4,Legal
user019,2026-06-03,2,0,11.2,11.2,0,0,1,1,19,6,4,0,0,0.0,64.7,0.0,Legal
user019,2026-06-04,3,0,10.533333333333333,10.533333333333333,0,0,1,1,19,6,7,0,0,0.0,45.2,0.0,Legal
user019,2026-06-05,4,0,10.3,10.3,0,0,1,1,26,8,9,0,0,0.0,24.9,0.0,Legal
user019,2026-06-06,5,1,,,0,0,0,0,15,3,5,0,0,0.0,24.2,24.2,Legal
user019,2026-06-07,6,1,,,0,0,0,0,20,6,6,0,0,0.0,49.9,0.0,Legal
user019,2026-06-08,0,0,11.5,11.5,0,0,1,1,21,5,8,0,0,0.0,58.5,0.0,Legal
user019,2026-06-09,1,0,11.7,11.7,0,0,1,1,14,2,4,0,0,0.0,22.4,0.0,Legal
user019,2026-06-10,2,0,11.266666666666667,11.266666666666667,0,0,1,1,17,2,7,0,0,0.0,49.8,0.0,Legal
user019,2026-06-11,3,0,12.25,12.25,0,0,1,1,22,9,6,0,0,0.0,48.0,0.0,Legal
user019,2026-06-12,4,0,10.85,10.85,0,0,1,1,24,8,9,0,0,0.0,29.5,0.0,Legal
user019,2026-06-13,5,1,,,0,0,0,0,21,8,11,0,0,0.0,47.6,0.0,Legal
user019,2026-06-14,6,1,,,0,0,0,0,11,4,3,0,0,0.0,42.4,0.0,Legal
user019,2026-06-15,0,0,11.433333333333334,11.433333333333334,0,0,1,1,18,5,7,0,0,0.0,31.9,0.0,Legal
user019,2026-06-16,1,0,11.016666666666667,11.016666666666667,0,0,1,1,16,1,4,0,0,0.0,58.6,58.6,Legal
user019,2026-06-17,2,0,11.116666666666667,11.116666666666667,0,0,1,1,14,6,7,0,0,0.0,46.1,0.0,Legal
user019,2026-06-18,3,0,10.533333333333333,10.533333333333333,0,0,1,1,16,5,4,0,0,0.0,71.6,0.0,Legal
user019,2026-06-19,4,0,10.483333333333333,10.483333333333333,0,0,1,1,13,2,2,0,0,0.0,43.6,0.0,Legal
user019,2026-06-20,5,1,,,0,0,0,0,25,3,14,0,0,0.0,35.1,35.1,Legal
user019,2026-06-21,6,1,,,0,0,0,0,13,4,4,1,0,18.3,56.2,0.0,Legal
user019,2026-06-22,0,0,11.366666666666667,11.366666666666667,0,0,1,1,20,4,5,1,0,13.4,53.1,0.0,Legal
user019,2026-06-23,1,0,9.7,9.7,0,0,1,1,18,1,5,0,0,0.0,23.2,23.2,Legal
user019,2026-06-24,2,0,12.033333333333333,12.033333333333333,0,0,1,1,15,1,5,0,0,0.0,60.7,0.0,Legal
user019,2026-06-25,3,0,10.45,10.45,0,0,1,1,10,3,2,0,0,0.0,37.2,37.2,Legal
user019,2026-06-26,4,0,11.266666666666667,11.266666666666667,0,0,1,1,14,2,4,0,0,0.0,37.5,0.0,Legal
user019,2026-06-27,5,1,,,0,0,0,0,23,5,9,0,0,0.0,31.3,0.0,Legal
user019,2026-06-28,6,1,,,0,0,0,0,14,3,3,0,0,0.0,39.6,39.6,Legal
user019,2026-06-29,0,0,11.566666666666666,11.566666666666666,0,0,1,1,20,6,3,0,0,0.0,16.6,16.6,Legal
user020,2026-05-01,4,0,8.716666666666667,8.716666666666667,0,0,1,1,16,4,3,0,0,0.0,60.9,60.9,Finance
user020,2026-05-02,5,1,,,0,0,0,0,19,5,4,0,0,0.0,75.6,0.0,Finance
user020,2026-05-03,6,1,,,0,0,0,0,17,7,4,0,0,0.0,46.3,0.0,Finance
user020,2026-05-04,0,0,8.566666666666666,8.566666666666666,0,0,1,1,13,1,6,0,0,0.0,65.3,0.0,Finance
user020,2026-05-05,1,0,7.016666666666667,7.016666666666667,0,0,1,1,23,8,7,1,1,23.9,38.4,0.0,Finance
user020,2026-05-06,2,0,8.416666666666666,8.416666666666666,0,0,1,1,17,3,6,0,0,0.0,85.9,0.0,Finance
user020,2026-05-07,3,0,7.283333333333333,7.283333333333333,0,0,1,1,20,7,8,0,0,0.0,43.9,0.0,Finance
user020,2026-05-08,4,0,9.433333333333334,9.433333333333334,0,0,1,1,14,2,5,0,0,0.0,41.9,0.0,Finance
user020,2026-05-09,5,1,,,0,0,0,0,13,3,8,0,0,0.0,51.0,51.0,Finance
user020,2026-05-10,6,1,,,0,0,0,0,17,5,6,0,0,0.0,43.8,0.0,Finance
user020,2026-05-11,0,0,7.05,7.05,0,0,1,1,18,4,8,0,0,0.0,55.7,0.0,Finance
user020,2026-05-12,1,0,9.833333333333334,9.833333333333334,0,0,1,1,23,8,4,0,0,0.0,71.3,0.0,Finance
user020,2026-05-13,2,0,7.35,7.35,0,0,1,1,12,7,5,0,0,0.0,73.9,0.0,Finance
user020,2026-05-14,3,0,7.966666666666667,7.966666666666667,0,0,1,1,21,5,7,0,0,0.0,36.8,0.0,Finance
user020,2026-05-15,4,0,7.816666666666666,7.816666666666666,0,0,1,1,17,7,3,0,0,0.0,41.5,0.0,Finance
user020,2026-05-16,5,1,,,0,0,0,0,4,1,0,0,0,0.0,55.6,0.0,Finance
user020,2026-05-17,6,1,,,0,0,0,0,14,2,4,0,0,0.0,47.7,0.0,Finance
user020,2026-05-18,0,0,7.833333333333333,7.833333333333333,0,0,1,1,19,7,7,0,0,0.0,54.5,0.0,Finance
user020,2026-05-19,1,0,8.066666666666666,8.066666666666666,0,0,1,1,24,7,7,0,0,0.0,34.5,0.0,Finance
user020,2026-05-20,2,0,10.216666666666667,10.216666666666667,0,0,1,1,10,2,3,0,0,0.0,70.9,0.0,Finance
user020,2026-05-21,3,0,8.55,8.55,0,0,1,1,14,1,7,1,1,21.1,67.5,0.0,Finance
user020,2026-05-22,4,0,8.233333333333333,8.233333333333333,0,0,1,1,21,4,1,0,0,0.0,55.7,0.0,Finance
user020,2026-05-23,5,1,,,0,0,0,0,20,8,11,1,1,10.5,57.2,57.2,Finance
user020,2026-05-24,6,1,,,0,0,0,0,18,5,6,0,0,0.0,28.9,0.0,Finance
user020,2026-05-25,0,0,8.5,8.5,0,0,1,1,20,4,6,0,0,0.0,68.5,68.5,Finance
user020,2026-05-26,1,0,7.566666666666666,7.566666666666666,0,0,1,1,21,3,2,0,0,0.0,66.5,0.0,Finance
user020,2026-05-27,2,0,9.233333333333333,9.233333333333333,0,0,1,1,22,5,6,0,0,0.0,70.0,0.0,Finance
user020,2026-05-28,3,0,8.233333333333333,8.233333333333333,0,0,1,1,13,1,3,0,0,0.0,58.9,0.0,Finance
user020,2026-05-29,4,0,9.716666666666667,9.716666666666667,0,0,1,1,22,3,9,0,0,0.0,61.7,61.7,Finance
user020,2026-05-30,5,1,,,0,0,0,0,23,3,6,0,0,0.0,72.0,0.0,Finance
user020,2026-05-31,6,1,,,0,0,0,0,15,3,4,0,0,0.0,46.7,46.7,Finance
user020,2026-06-01,0,0,8.1,8.1,0,0,1,1,16,7,2,0,0,0.0,77.9,0.0,Finance
user020,2026-06-02,1,0,8.583333333333334,8.583333333333334,0,0,1,1,17,3,4,0,0,0.0,47.9,0.0,Finance
user020,2026-06-03,2,0,8.133333333333333,8.133333333333333,0,0,1,1,16,1,8,0,0,0.0,48.2,0.0,Finance
user020,2026-06-04,3,0,7.366666666666666,7.366666666666666,0,0,1,1,22,8,8,0,0,0.0,46.6,46.6,Finance
user020,2026-06-05,4,0,8.333333333333334,8.333333333333334,0,0,1,1,13,6,5,0,0,0.0,56.8,0.0,Finance
user020,2026-06-06,5,1,,,0,0,0,0,19,6,5,0,0,0.0,67.1,0.0,Finance
user020,2026-06-07,6,1,,,0,0,0,0,19,5,8,0,0,0.0,47.0,47.0,Finance
user020,2026-06-08,0,0,8.666666666666666,8.666666666666666,0,0,1,1,22,8,4,0,0,0.0,59.8,0.0,Finance
user020,2026-06-09,1,0,8.133333333333333,8.133333333333333,0,0,1,1,23,8,6,0,0,0.0,37.8,0.0,Finance
user020,2026-06-10,2,0,8.85,8.85,0,0,1,1,23,7,5,0,0,0.0,50.6,0.0,Finance
user020,2026-06-11,3,0,8.233333333333333,8.233333333333333,0,0,1,1,13,3,4,0,0,0.0,52.4,52.4,Finance
user020,2026-06-12,4,0,8.683333333333334,8.683333333333334,0,0,1,1,14,3,2,0,0,0.0,57.9,0.0,Finance
user020,2026-06-13,5,1,,,0,0,0,0,22,10,7,0,0,0.0,64.7,0.0,Finance
user020,2026-06-14,6,1,,,0,0,0,0,20,2,6,0,0,0.0,36.8,0.0,Finance
user020,2026-06-15,0,0,8.633333333333333,8.633333333333333,0,0,1,1,16,2,4,0,0,0.0,36.2,0.0,Finance
user020,2026-06-16,1,0,9.333333333333334,9.333333333333334,0,0,1,1,12,2,7,1,1,10.8,64.2,0.0,Finance
user020,2026-06-17,2,0,8.05,8.05,0,0,1,1,15,4,3,0,0,0.0,66.5,0.0,Finance
user020,2026-06-18,3,0,9.4,9.4,0,0,1,1,17,3,3,0,0,0.0,68.8,0.0,Finance
user020,2026-06-19,4,0,9.25,9.25,0,0,1,1,23,8,8,0,0,0.0,45.9,45.9,Finance
user020,2026-06-20,5,1,,,0,0,0,0,16,5,7,0,0,0.0,48.5,0.0,Finance
user020,2026-06-21,6,1,,,0,0,0,0,17,3,4,0,0,0.0,69.5,0.0,Finance
user020,2026-06-22,0,0,9.166666666666666,9.166666666666666,0,0,1,1,21,5,7,1,1,15.8,54.5,54.5,Finance
user020,2026-06-23,1,0,7.666666666666667,7.666666666666667,0,0,1,1,14,8,3,0,0,0.0,44.4,0.0,Finance
user020,2026-06-24,2,0,7.866666666666667,7.866666666666667,0,0,1,1,26,8,10,0,0,0.0,40.3,0.0,Finance
user020,2026-06-25,3,0,8.383333333333333,8.383333333333333,0,0,1,1,22,6,9,1,1,20.3,56.4,56.4,Finance
user020,2026-06-26,4,0,9.65,9.65,0,0,1,1,13,5,4,1,1,35.8,36.1,0.0,Finance
user020,2026-06-27,5,1,,,0,0,0,0,18,4,6,0,0,0.0,77.0,0.0,Finance
user020,2026-06-28,6,1,,,0,0,0,0,23,10,6,0,0,0.0,58.7,0.0,Finance
user020,2026-06-29,0,0,8.25,8.25,0,0,1,1,16,4,3,0,0,0.0,17.8,0.0,Finance
user021,2026-05-01,4,0,12.116666666666667,12.116666666666667,0,0,1,1,14,0,4,0,0,0.0,9.4,0.0,Sales
user021,2026-05-02,5,1,10.633333333333333,10.633333333333333,0,0,1,1,20,0,4,0,0,0.0,27.0,0.0,Sales
user021,2026-05-03,6,1,,,0,0,0,0,26,0,12,0,0,0.0,20.5,0.0,Sales
user021,2026-05-04,0,0,12.083333333333334,12.083333333333334,0,0,1,1,21,0,9,0,0,0.0,23.5,23.5,Sales
user021,2026-05-05,1,0,11.133333333333333,11.133333333333333,0,0,1,1,19,0,7,0,0,0.0,44.6,0.0,Sales
user021,2026-05-06,2,0,12.816666666666666,12.816666666666666,0,0,1,1,26,0,9,0,0,0.0,14.6,14.6,Sales
user021,2026-05-07,3,0,11.85,11.85,0,0,1,1,20,0,7,0,0,0.0,6.7,0.0,Sales
user021,2026-05-08,4,0,11.366666666666667,11.366666666666667,0,0,1,1,20,0,7,0,0,0.0,24.9,0.0,Sales
user021,2026-05-09,5,1,,,0,0,0,0,24,0,7,0,0,0.0,26.8,0.0,Sales
user021,2026-05-10,6,1,,,0,0,0,0,18,0,3,0,0,0.0,1.0,0.0,Sales
user021,2026-05-11,0,0,10.05,10.05,0,0,1,1,16,0,5,0,0,0.0,24.9,0.0,Sales
user021,2026-05-12,1,0,10.5,10.5,0,0,1,1,21,0,7,0,0,0.0,38.8,0.0,Sales
user021,2026-05-13,2,0,11.366666666666667,11.366666666666667,0,0,1,1,14,0,1,0,0,0.0,7.2,0.0,Sales
user021,2026-05-14,3,0,11.933333333333334,11.933333333333334,0,0,1,1,19,0,4,0,0,0.0,1.0,0.0,Sales
user021,2026-05-15,4,0,10.833333333333334,10.833333333333334,0,0,1,1,16,0,4,0,0,0.0,17.3,0.0,Sales
user021,2026-05-16,5,1,,,0,0,0,0,15,0,3,0,0,0.0,22.7,22.7,Sales
user021,2026-05-17,6,1,,,0,0,0,0,19,0,5,0,0,0.0,30.9,0.0,Sales
user021,2026-05-18,0,0,10.9,10.9,0,0,1,1,21,0,7,0,0,0.0,13.9,0.0,Sales
user021,2026-05-19,1,0,9.883333333333333,9.883333333333333,0,0,1,1,16,0,4,0,0,0.0,26.2,0.0,Sales
user021,2026-05-20,2,0,11.433333333333334,11.433333333333334,0,0,1,1,18,0,9,0,0,0.0,19.0,0.0,Sales
user021,2026-05-21,3,0,11.283333333333333,11.283333333333333,0,0,1,1,20,0,6,0,0,0.0,14.7,0.0,Sales
user021,2026-05-22,4,0,9.383333333333333,9.383333333333333,0,0,1,1,22,0,3,0,0,0.0,32.4,0.0,Sales
user021,2026-05-23,5,1,,,0,0,0,0,19,0,7,0,0,0.0,2.9,0.0,Sales
user021,2026-05-24,6,1,,,0,0,0,0,23,0,7,0,0,0.0,1.0,0.0,Sales
user021,2026-05-25,0,0,11.783333333333333,11.783333333333333,0,0,1,1,17,0,1,0,0,0.0,14.6,0.0,Sales
user021,2026-05-26,1,0,9.816666666666666,9.816666666666666,0,0,1,1,9,0,5,1,1,6.8,11.6,0.0,Sales
user021,2026-05-27,2,0,9.683333333333334,9.683333333333334,0,0,1,1,19,0,5,0,0,0.0,25.1,0.0,Sales
user021,2026-05-28,3,0,10.466666666666667,10.466666666666667,0,0,1,1,21,0,6,0,0,0.0,7.9,7.9,Sales
user021,2026-05-29,4,0,9.883333333333333,9.883333333333333,0,0,1,1,29,0,10,0,0,0.0,19.0,0.0,Sales
user021,2026-05-30,5,1,,,0,0,0,0,23,0,5,0,0,0.0,17.7,0.0,Sales
user021,2026-05-31,6,1,,,0,0,0,0,23,0,3,0,0,0.0,9.6,0.0,Sales
user021,2026-06-01,0,0,11.3,11.3,0,0,1,1,22,0,3,0,0,0.0,10.8,10.8,Sales
user021,2026-06-02,1,0,10.316666666666666,10.316666666666666,0,0,1,1,16,0,5,0,0,0.0,37.2,0.0,Sales
user021,2026-06-03,2,0,11.333333333333334,11.333333333333334,0,0,1,1,21,0,8,0,0,0.0,22.0,0.0,Sales
user021,2026-06-04,3,0,10.983333333333333,10.983333333333333,0,0,1,1,20,0,5,0,0,0.0,31.8,31.8,Sales
user021,2026-06-05,4,0,11.516666666666667,11.516666666666667,0,0,1,1,15,0,7,0,0,0.0,7.2,0.0,Sales
user021,2026-06-06,5,1,,,0,0,0,0,17,0,5,0,0,0.0,7.8,0.0,Sales
user021,2026-06-07,6,1,,,0,0,0,0,22,0,7,0,0,0.0,40.4,0.0,Sales
user021,2026-06-08,0,0,12.466666666666667,12.466666666666667,0,0,1,1,24,0,9,0,0,0.0,22.6,0.0,Sales
user021,2026-06-09,1,0,11.483333333333333,11.483333333333333,0,0,1,1,17,0,7,0,0,0.0,28.2,0.0,Sales
user021,2026-06-10,2,0,10.0,10.0,0,0,1,1,21,0,6,0,0,0.0,1.0,0.0,Sales
user021,2026-06-11,3,0,10.966666666666667,10.966666666666667,0,0,1,1,20,0,9,0,0,0.0,8.1,8.1,Sales
user021,2026-06-12,4,0,11.466666666666667,11.466666666666667,0,0,1,1,14,0,4,0,0,0.0,30.1,0.0,Sales
user021,2026-06-13,5,1,,,0,0,0,0,19,0,5,0,0,0.0,29.3,0.0,Sales
user021,2026-06-14,6,1,,,0,0,0,0,24,0,3,0,0,0.0,27.3,0.0,Sales
user021,2026-06-15,0,0,9.633333333333333,9.633333333333333,0,0,1,1,22,0,8,0,0,0.0,17.4,0.0,Sales
user021,2026-06-16,1,0,11.116666666666667,11.116666666666667,0,0,1,1,15,0,2,0,0,0.0,6.2,0.0,Sales
user021,2026-06-17,2,0,11.55,11.55,0,0,1,1,24,0,4,0,0,0.0,6.3,0.0,Sales
user021,2026-06-18,3,0,10.133333333333333,10.133333333333333,0,0,1,1,22,0,11,0,0,0.0,21.9,0.0,Sales
user021,2026-06-19,4,0,10.75,10.75,0,0,1,1,25,0,6,0,0,0.0,24.8,0.0,Sales
user021,2026-06-20,5,1,,,0,0,0,0,17,0,5,0,0,0.0,1.0,0.0,Sales
user021,2026-06-21,6,1,,,0,0,0,0,23,0,10,0,0,0.0,37.2,0.0,Sales
user021,2026-06-22,0,0,11.633333333333333,11.633333333333333,0,0,1,1,18,0,6,0,0,0.0,17.3,17.3,Sales
user021,2026-06-23,1,0,12.45,12.45,0,0,1,1,25,0,5,0,0,0.0,7.5,0.0,Sales
user021,2026-06-24,2,0,11.4,11.4,0,0,1,1,18,0,4,0,0,0.0,12.1,0.0,Sales
user021,2026-06-25,3,0,11.633333333333333,11.633333333333333,0,0,1,1,20,0,6,0,0,0.0,1.0,0.0,Sales
user021,2026-06-26,4,0,12.366666666666667,12.366666666666667,0,0,1,1,23,0,6,0,0,0.0,21.6,0.0,Sales
user021,2026-06-27,5,1,,,0,0,0,0,15,0,4,0,0,0.0,33.5,0.0,Sales
user021,2026-06-28,6,1,,,0,0,0,0,14,0,3,0,0,0.0,1.0,1.0,Sales
user021,2026-06-29,0,0,11.883333333333333,11.883333333333333,0,0,1,1,16,0,10,0,0,0.0,15.4,0.0,Sales
user022,2026-05-01,4,0,10.083333333333334,10.083333333333334,0,0,1,1,8,2,0,0,0,0.0,76.1,0.0,Legal
user022,2026-05-02,5,1,,,0,0,0,0,7,1,0,0,0,0.0,53.5,0.0,Legal
user022,2026-05-03,6,1,,,0,0,0,0,10,4,3,0,0,0.0,94.9,0.0,Legal
user022,2026-05-04,0,0,8.966666666666667,8.966666666666667,0,0,1,1,9,1,0,0,0,0.0,50.8,0.0,Legal
user022,2026-05-05,1,0,8.916666666666666,8.916666666666666,0,0,1,1,11,4,3,0,0,0.0,84.5,0.0,Legal
user022,2026-05-06,2,0,9.883333333333333,9.883333333333333,0,0,1,1,11,2,3,0,0,0.0,61.0,0.0,Legal
user022,2026-05-07,3,0,8.95,8.95,0,0,1,1,10,2,7,0,0,0.0,48.3,0.0,Legal
user022,2026-05-08,4,0,9.016666666666667,9.016666666666667,0,0,1,1,8,3,2,0,0,0.0,80.0,0.0,Legal
user022,2026-05-09,5,1,,,0,0,0,0,10,4,5,0,0,0.0,92.4,0.0,Legal
user022,2026-05-10,6,1,,,0,0,0,0,9,2,3,0,0,0.0,58.4,0.0,Legal
user022,2026-05-11,0,0,10.083333333333334,10.083333333333334,0,0,1,1,7,1,5,0,0,0.0,97.2,97.2,Legal
user022,2026-05-12,1,0,9.683333333333334,9.683333333333334,0,0,1,1,11,4,3,0,0,0.0,60.7,0.0,Legal
user022,2026-05-13,2,0,9.183333333333334,9.183333333333334,0,0,1,1,3,1,2,0,0,0.0,79.5,0.0,Legal
user022,2026-05-14,3,0,10.066666666666666,10.066666666666666,0,0,1,1,6,3,3,0,0,0.0,77.3,0.0,Legal
user022,2026-05-15,4,0,9.616666666666667,9.616666666666667,0,0,1,1,9,3,4,0,0,0.0,45.9,0.0,Legal
user022,2026-05-16,5,1,,,0,0,0,0,12,1,6,1,0,18.9,45.9,0.0,Legal
user022,2026-05-17,6,1,9.45,9.45,0,0,1,1,2,0,0,0,0,0.0,39.2,0.0,Legal
user022,2026-05-18,0,0,9.15,9.15,0,0,1,1,8,3,0,0,0,0.0,76.7,0.0,Legal
user022,2026-05-19,1,0,10.016666666666667,10.016666666666667,0,0,1,1,13,3,4,0,0,0.0,77.5,0.0,Legal
user022,2026-05-20,2,0,10.4,10.4,0,0,1,1,5,3,2,0,0,0.0,62.4,0.0,Legal
user022,2026-05-21,3,0,10.1,10.1,0,0,1,1,12,2,4,0,0,0.0,57.7,0.0,Legal
user022,2026-05-22,4,0,10.333333333333334,10.333333333333334,0,0,1,1,7,1,2,0,0,0.0,72.6,0.0,Legal
user022,2026-05-23,5,1,,,0,0,0,0,16,2,9,0,0,0.0,78.7,78.7,Legal
user022,2026-05-24,6,1,,,0,0,0,0,5,1,0,0,0,0.0,43.0,0.0,Legal
user022,2026-05-25,0,0,9.75,9.75,0,0,1,1,8,1,2,1,0,39.5,100.5,0.0,Legal
user022,2026-05-26,1,0,7.866666666666667,7.866666666666667,0,0,1,1,4,2,3,0,0,0.0,72.1,0.0,Legal
user022,2026-05-27,2,0,9.916666666666666,9.916666666666666,0,0,1,1,8,1,3,0,0,0.0,52.0,52.0,Legal
user022,2026-05-28,3,0,9.783333333333333,9.783333333333333,0,0,1,1,7,3,4,0,0,0.0,70.3,0.0,Legal
user022,2026-05-29,4,0,9.383333333333333,9.383333333333333,0,0,1,1,11,1,4,0,0,0.0,86.0,0.0,Legal
user022,2026-05-30,5,1,,,0,0,0,0,5,0,2,0,0,0.0,76.1,0.0,Legal
user022,2026-05-31,6,1,,,0,0,0,0,11,4,5,0,0,0.0,59.0,0.0,Legal
user022,2026-06-01,0,0,10.683333333333334,10.683333333333334,0,0,1,1,1,0,0,0,0,0.0,32.7,0.0,Legal
user022,2026-06-02,1,0,9.15,9.15,0,0,1,1,5,1,2,0,0,0.0,75.7,0.0,Legal
user022,2026-06-03,2,0,10.233333333333333,10.233333333333333,0,0,1,1,1,0,0,0,0,0.0,63.9,0.0,Legal
user022,2026-06-04,3,0,8.883333333333333,8.883333333333333,0,0,1,1,15,7,3,0,0,0.0,57.3,0.0,Legal
user022,2026-06-05,4,0,9.833333333333334,9.833333333333334,0,0,1,1,8,2,1,0,0,0.0,52.9,0.0,Legal
user022,2026-06-06,5,1,,,0,0,0,0,6,2,2,0,0,0.0,42.4,0.0,Legal
user022,2026-06-07,6,1,,,0,0,0,0,8,3,2,0,0,0.0,50.7,0.0,Legal
user022,2026-06-08,0,0,10.716666666666667,10.716666666666667,0,0,1,1,0,0,0,0,0,0.0,49.3,0.0,Legal
user022,2026-06-09,1,0,10.85,10.85,0,0,1,1,14,6,2,0,0,0.0,41.1,0.0,Legal
user022,2026-06-10,2,0,10.95,10.95,0,0,1,1,17,9,7,1,1,11.0,97.8,0.0,Legal
user022,2026-06-11,3,0,9.533333333333333,9.533333333333333,0,0,1,1,11,1,1,0,0,0.0,65.4,65.4,Legal
user022,2026-06-12,4,0,10.266666666666667,10.266666666666667,0,0,1,1,10,1,4,0,0,0.0,46.2,0.0,Legal
user022,2026-06-13,5,1,,,0,0,0,0,3,0,1,0,0,0.0,74.7,0.0,Legal
user022,2026-06-14,6,1,,,0,0,0,0,11,3,3,0,0,0.0,66.5,0.0,Legal
user022,2026-06-15,0,0,10.016666666666667,10.016666666666667,0,0,1,1,17,2,6,0,0,0.0,101.8,0.0,Legal
user022,2026-06-16,1,0,8.216666666666667,8.216666666666667,0,0,1,1,17,8,3,0,0,0.0,79.6,79.6,Legal
user022,2026-06-17,2,0,8.783333333333333,8.783333333333333,0,0,1,1,9,2,4,0,0,0.0,66.2,0.0,Legal
user022,2026-06-18,3,0,12.033333333333333,12.033333333333333,0,0,1,1,13,5,8,0,0,0.0,69.6,0.0,Legal
user022,2026-06-19,4,0,10.833333333333334,10.833333333333334,0,0,1,1,8,0,1,0,0,0.0,76.5,0.0,Legal
user022,2026-06-20,5,1,,,0,0,0,0,9,3,1,0,0,0.0,85.3,85.3,Legal
user022,2026-06-21,6,1,,,0,0,0,0,14,6,4,0,0,0.0,71.8,0.0,Legal
user022,2026-06-22,0,0,10.216666666666667,10.216666666666667,0,0,1,1,3,2,1,1,0,28.6,64.7,0.0,Legal
user022,2026-06-23,1,0,10.766666666666667,10.766666666666667,0,0,1,1,12,3,2,0,0,0.0,66.6,0.0,Legal
user022,2026-06-24,2,0,9.933333333333334,9.933333333333334,0,0,1,1,13,5,1,0,0,0.0,81.6,0.0,Legal
user022,2026-06-25,3,0,10.2,10.2,0,0,1,1,10,4,3,0,0,0.0,48.2,0.0,Legal
user022,2026-06-26,4,0,9.816666666666666,9.816666666666666,0,0,1,1,11,2,0,0,0,0.0,60.3,0.0,Legal
user022,2026-06-27,5,1,,,0,0,0,0,7,1,4,0,0,0.0,68.2,0.0,Legal
user022,2026-06-28,6,1,,,0,0,0,0,10,2,4,0,0,0.0,72.0,0.0,Legal
user022,2026-06-29,0,0,10.716666666666667,10.716666666666667,0,0,1,1,13,4,5,0,0,0.0,42.6,42.6,Legal
user023,2026-05-01,4,0,8.166666666666666,8.166666666666666,0,0,1,1,11,3,4,0,0,0.0,70.0,0.0,Finance
user023,2026-05-02,5,1,,,0,0,0,0,17,3,4,0,0,0.0,74.0,0.0,Finance
user023,2026-05-03,6,1,,,0,0,0,0,18,1,6,0,0,0.0,70.9,0.0,Finance
user023,2026-05-04,0,0,8.833333333333334,8.833333333333334,0,0,1,1,15,4,5,0,0,0.0,66.3,0.0,Finance
user023,2026-05-05,1,0,8.116666666666667,8.116666666666667,0,0,1,1,15,2,4,0,0,0.0,50.9,50.9,Finance
user023,2026-05-06,2,0,8.5,8.5,0,0,1,1,10,3,2,0,0,0.0,84.8,0.0,Finance
user023,2026-05-07,3,0,7.633333333333333,7.633333333333333,0,0,1,1,16,2,6,0,0,0.0,62.3,0.0,Finance
user023,2026-05-08,4,0,8.333333333333334,8.333333333333334,0,0,1,1,18,4,6,0,0,0.0,62.2,0.0,Finance
user023,2026-05-09,5,1,,,0,0,0,0,10,1,5,0,0,0.0,75.3,0.0,Finance
user023,2026-05-10,6,1,,,0,0,0,0,12,3,4,0,0,0.0,59.4,59.4,Finance
user023,2026-05-11,0,0,8.266666666666667,8.266666666666667,0,0,1,1,16,4,5,0,0,0.0,88.2,0.0,Finance
user023,2026-05-12,1,0,6.65,6.65,0,0,1,1,17,4,6,0,0,0.0,73.7,0.0,Finance
user023,2026-05-13,2,0,8.4,8.4,0,0,1,1,15,2,5,0,0,0.0,62.1,62.1,Finance
user023,2026-05-14,3,0,8.933333333333334,8.933333333333334,0,0,1,1,11,3,3,0,0,0.0,80.3,0.0,Finance
user023,2026-05-15,4,0,8.316666666666666,8.316666666666666,0,0,1,1,21,3,4,0,0,0.0,70.3,0.0,Finance
user023,2026-05-16,5,1,,,0,0,0,0,16,5,5,0,0,0.0,50.0,50.0,Finance
user023,2026-05-17,6,1,,,0,0,0,0,15,4,3,0,0,0.0,74.8,74.8,Finance
user023,2026-05-18,0,0,7.583333333333333,7.583333333333333,0,0,1,1,15,4,3,0,0,0.0,88.5,0.0,Finance
user023,2026-05-19,1,0,7.366666666666666,7.366666666666666,0,0,1,1,19,4,11,0,0,0.0,69.0,0.0,Finance
user023,2026-05-20,2,0,8.266666666666667,8.266666666666667,0,0,1,1,19,5,6,0,0,0.0,63.0,0.0,Finance
user023,2026-05-21,3,0,8.15,8.15,0,0,1,1,20,1,2,0,0,0.0,69.5,0.0,Finance
user023,2026-05-22,4,0,8.283333333333333,8.283333333333333,0,0,1,1,11,4,1,0,0,0.0,48.0,0.0,Finance
user023,2026-05-23,5,1,,,0,0,0,0,8,2,2,0,0,0.0,69.8,0.0,Finance
user023,2026-05-24,6,1,,,0,0,0,0,17,5,3,0,0,0.0,85.9,0.0,Finance
user023,2026-05-25,0,0,8.6,8.6,0,0,1,1,10,2,1,0,0,0.0,70.1,0.0,Finance
user023,2026-05-26,1,0,8.3,8.3,0,0,1,1,6,1,3,0,0,0.0,80.9,0.0,Finance
user023,2026-05-27,2,0,8.6,8.6,0,0,1,1,11,3,3,0,0,0.0,56.8,0.0,Finance
user023,2026-05-28,3,0,7.9,7.9,0,0,1,1,15,3,6,0,0,0.0,80.1,0.0,Finance
user023,2026-05-29,4,0,7.75,7.75,0,0,1,1,18,5,5,0,0,0.0,70.8,0.0,Finance
user023,2026-05-30,5,1,,,0,0,0,0,13,1,3,0,0,0.0,29.8,0.0,Finance
user023,2026-05-31,6,1,,,0,0,0,0,14,3,3,0,0,0.0,65.3,0.0,Finance
user023,2026-06-01,0,0,8.15,8.15,0,0,1,1,16,5,4,0,0,0.0,54.5,0.0,Finance
user023,2026-06-02,1,0,8.133333333333333,8.133333333333333,0,0,1,1,13,3,4,0,0,0.0,69.1,69.1,Finance
user023,2026-06-03,2,0,7.666666666666667,7.666666666666667,0,0,1,1,18,6,5,1,0,5.6,23.5,0.0,Finance
user023,2026-06-04,3,0,8.75,8.75,0,0,1,1,17,3,6,0,0,0.0,88.3,0.0,Finance
user023,2026-06-05,4,0,8.15,8.15,0,0,1,1,23,5,8,0,0,0.0,64.5,0.0,Finance
user023,2026-06-06,5,1,,,0,0,0,0,17,4,4,0,0,0.0,93.7,0.0,Finance
user023,2026-06-07,6,1,,,0,0,0,0,20,8,6,0,0,0.0,42.0,0.0,Finance
user023,2026-06-08,0,0,8.166666666666666,8.166666666666666,0,0,1,1,21,2,4,0,0,0.0,35.9,0.0,Finance
user023,2026-06-09,1,0,8.016666666666667,8.016666666666667,0,0,1,1,18,3,5,0,0,0.0,46.3,0.0,Finance
user023,2026-06-10,2,0,8.55,8.55,0,0,1,1,18,5,4,0,0,0.0,60.6,0.0,Finance
user023,2026-06-11,3,0,8.0,8.0,0,0,1,1,18,7,5,0,0,0.0,63.8,0.0,Finance
user023,2026-06-12,4,0,8.066666666666666,8.066666666666666,0,0,1,1,15,3,7,0,0,0.0,78.8,0.0,Finance
user023,2026-06-13,5,1,,,0,0,0,0,15,5,6,0,0,0.0,48.8,0.0,Finance
user023,2026-06-14,6,1,,,0,0,0,0,10,1,6,0,0,0.0,76.8,0.0,Finance
user023,2026-06-15,0,0,8.033333333333333,8.033333333333333,0,0,1,1,17,6,4,0,0,0.0,52.9,0.0,Finance
user023,2026-06-16,1,0,8.55,8.55,0,0,1,1,20,8,5,0,0,0.0,42.0,0.0,Finance
user023,2026-06-17,2,0,9.25,9.25,0,0,1,1,15,1,3,0,0,0.0,62.1,0.0,Finance
user023,2026-06-18,3,0,7.75,7.75,0,0,1,1,15,6,5,0,0,0.0,39.1,0.0,Finance
user023,2026-06-19,4,0,8.483333333333333,8.483333333333333,0,0,1,1,12,3,4,0,0,0.0,60.2,60.2,Finance
user023,2026-06-20,5,1,,,0,0,0,0,19,4,8,0,0,0.0,58.9,0.0,Finance
user023,2026-06-21,6,1,,,0,0,0,0,18,4,5,0,0,0.0,62.9,0.0,Finance
user023,2026-06-22,0,0,8.15,8.15,0,0,1,1,15,2,4,0,0,0.0,77.0,0.0,Finance
user023,2026-06-23,1,0,8.033333333333333,8.033333333333333,0,0,1,1,14,4,7,0,0,0.0,65.0,65.0,Finance
user023,2026-06-24,2,0,7.866666666666667,7.866666666666667,0,0,1,1,10,1,2,0,0,0.0,80.2,0.0,Finance
user023,2026-06-25,3,0,7.716666666666667,7.716666666666667,0,0,1,1,18,7,5,0,0,0.0,60.4,0.0,Finance
user023,2026-06-26,4,0,8.15,8.15,0,0,1,1,20,5,5,0,0,0.0,80.6,0.0,Finance
user023,2026-06-27,5,1,,,0,0,0,0,13,6,5,1,1,10.6,80.7,0.0,Finance
user023,2026-06-28,6,1,,,0,0,0,0,23,8,7,0,0,0.0,69.6,0.0,Finance
user023,2026-06-29,0,0,7.833333333333333,7.833333333333333,0,0,1,1,15,4,2,0,0,0.0,67.6,0.0,Finance
user024,2026-05-01,4,0,8.5,8.5,0,0,1,1,10,0,5,0,0,0.0,100.5,0.0,IT Ops
user024,2026-05-02,5,1,,,0,0,0,0,13,0,5,0,0,0.0,79.6,0.0,IT Ops
user024,2026-05-03,6,1,,,0,0,0,0,10,0,5,0,0,0.0,87.9,0.0,IT Ops
user024,2026-05-04,0,0,7.9,7.9,0,0,1,1,13,0,7,0,0,0.0,74.5,0.0,IT Ops
user024,2026-05-05,1,0,7.05,7.05,0,0,1,1,13,0,2,0,0,0.0,104.9,0.0,IT Ops
user024,2026-05-06,2,0,7.283333333333333,7.283333333333333,0,0,1,1,16,0,7,0,0,0.0,92.2,0.0,IT Ops
user024,2026-05-07,3,0,6.933333333333334,6.933333333333334,0,0,1,1,12,0,7,0,0,0.0,67.9,0.0,IT Ops
user024,2026-05-08,4,0,7.216666666666667,7.216666666666667,0,0,1,1,2,0,1,0,0,0.0,83.7,0.0,IT Ops
user024,2026-05-09,5,1,,,0,0,0,0,16,0,5,0,0,0.0,83.5,0.0,IT Ops
user024,2026-05-10,6,1,,,0,0,0,0,17,0,5,0,0,0.0,84.4,0.0,IT Ops
user024,2026-05-11,0,0,7.683333333333334,7.683333333333334,0,0,1,1,14,0,4,0,0,0.0,73.5,0.0,IT Ops
user024,2026-05-12,1,0,7.516666666666667,7.516666666666667,0,0,1,1,16,0,5,0,0,0.0,76.5,76.5,IT Ops
user024,2026-05-13,2,0,7.2,7.2,0,0,1,1,5,0,0,0,0,0.0,84.4,0.0,IT Ops
user024,2026-05-14,3,0,7.05,7.05,0,0,1,1,13,0,4,0,0,0.0,91.5,91.5,IT Ops
user024,2026-05-15,4,0,7.633333333333333,7.633333333333333,0,0,1,1,2,0,1,0,0,0.0,66.3,0.0,IT Ops
user024,2026-05-16,5,1,,,0,0,0,0,9,0,4,0,0,0.0,63.0,0.0,IT Ops
user024,2026-05-17,6,1,,,0,0,0,0,15,0,2,0,0,0.0,74.3,0.0,IT Ops
user024,2026-05-18,0,0,7.25,7.25,0,0,1,1,6,0,0,0,0,0.0,89.2,0.0,IT Ops
user024,2026-05-19,1,0,7.533333333333333,7.533333333333333,0,0,1,1,11,0,4,0,0,0.0,94.9,94.9,IT Ops
user024,2026-05-20,2,0,7.583333333333333,7.583333333333333,0,0,1,1,13,0,3,0,0,0.0,57.1,0.0,IT Ops
user024,2026-05-21,3,0,8.066666666666666,8.066666666666666,0,0,1,1,11,0,1,0,0,0.0,82.4,82.4,IT Ops
user024,2026-05-22,4,0,7.783333333333333,7.783333333333333,0,0,1,1,5,0,3,0,0,0.0,67.7,67.7,IT Ops
user024,2026-05-23,5,1,,,0,0,0,0,10,0,1,0,0,0.0,80.8,80.8,IT Ops
user024,2026-05-24,6,1,,,0,0,0,0,15,0,8,0,0,0.0,75.1,0.0,IT Ops
user024,2026-05-25,0,0,6.716666666666667,6.716666666666667,0,0,1,1,11,0,2,0,0,0.0,63.8,0.0,IT Ops
user024,2026-05-26,1,0,8.483333333333333,8.483333333333333,0,0,1,1,9,0,2,0,0,0.0,50.9,50.9,IT Ops
user024,2026-05-27,2,0,8.316666666666666,8.316666666666666,0,0,1,1,11,0,2,0,0,0.0,52.5,0.0,IT Ops
user024,2026-05-28,3,0,7.716666666666667,7.716666666666667,0,0,1,1,6,0,2,0,0,0.0,88.5,0.0,IT Ops
user024,2026-05-29,4,0,7.316666666666666,7.316666666666666,0,0,1,1,11,0,4,0,0,0.0,87.9,0.0,IT Ops
user024,2026-05-30,5,1,,,0,0,0,0,12,0,2,1,0,5.5,75.0,0.0,IT Ops
user024,2026-05-31,6,1,,,0,0,0,0,13,0,2,0,0,0.0,79.3,0.0,IT Ops
user024,2026-06-01,0,0,7.55,7.55,0,0,1,1,10,0,2,0,0,0.0,64.6,0.0,IT Ops
user024,2026-06-02,1,0,7.5,7.5,0,0,1,1,9,0,4,0,0,0.0,78.1,0.0,IT Ops
user024,2026-06-03,2,0,6.633333333333333,6.633333333333333,0,0,1,1,15,0,3,0,0,0.0,67.5,0.0,IT Ops
user024,2026-06-04,3,0,8.516666666666667,8.516666666666667,0,0,1,1,17,0,4,0,0,0.0,71.3,0.0,IT Ops
user024,2026-06-05,4,0,7.516666666666667,7.516666666666667,0,0,1,1,16,0,7,0,0,0.0,77.8,0.0,IT Ops
user024,2026-06-06,5,1,,,0,0,0,0,13,0,3,0,0,0.0,88.6,0.0,IT Ops
user024,2026-06-07,6,1,,,0,0,0,0,13,0,4,0,0,0.0,68.4,0.0,IT Ops
user024,2026-06-08,0,0,7.766666666666667,7.766666666666667,0,0,1,1,5,0,0,0,0,0.0,71.1,71.1,IT Ops
user024,2026-06-09,1,0,7.183333333333334,7.183333333333334,0,0,1,1,12,0,3,0,0,0.0,54.1,0.0,IT Ops
user024,2026-06-10,2,0,7.383333333333334,7.383333333333334,0,0,1,1,17,0,4,1,1,39.3,61.4,0.0,IT Ops
user024,2026-06-11,3,0,7.583333333333333,7.583333333333333,0,0,1,1,19,0,6,0,0,0.0,65.7,0.0,IT Ops
user024,2026-06-12,4,0,7.85,7.85,0,0,1,1,9,0,2,0,0,0.0,79.7,0.0,IT Ops
user024,2026-06-13,5,1,,,0,0,0,0,12,0,4,0,0,0.0,67.7,0.0,IT Ops
user024,2026-06-14,6,1,,,0,0,0,0,18,0,5,0,0,0.0,93.3,0.0,IT Ops
user024,2026-06-15,0,0,6.55,6.55,0,0,1,1,20,0,5,0,0,0.0,84.9,0.0,IT Ops
user024,2026-06-16,1,0,7.95,7.95,0,0,1,1,8,0,4,0,0,0.0,98.1,0.0,IT Ops
user024,2026-06-17,2,0,8.016666666666667,8.016666666666667,0,0,1,1,10,0,2,0,0,0.0,47.6,0.0,IT Ops
user024,2026-06-18,3,0,7.15,7.15,0,0,1,1,9,0,2,0,0,0.0,93.6,0.0,IT Ops
user024,2026-06-19,4,0,6.65,6.65,0,0,1,1,1,0,1,0,0,0.0,80.9,0.0,IT Ops
user024,2026-06-20,5,1,,,0,0,0,0,14,0,5,0,0,0.0,58.1,0.0,IT Ops
user024,2026-06-21,6,1,,,0,0,0,0,12,0,2,0,0,0.0,68.0,0.0,IT Ops
user024,2026-06-22,0,0,7.0,7.0,0,0,1,1,12,0,3,0,0,0.0,71.1,0.0,IT Ops
user024,2026-06-23,1,0,7.866666666666667,7.866666666666667,0,0,1,1,11,0,2,0,0,0.0,63.0,63.0,IT Ops
user024,2026-06-24,2,0,8.05,8.05,0,0,1,1,12,0,3,0,0,0.0,56.0,0.0,IT Ops
user024,2026-06-25,3,0,8.133333333333333,8.133333333333333,0,0,1,1,7,0,4,0,0,0.0,65.6,0.0,IT Ops
user024,2026-06-26,4,0,8.433333333333334,8.433333333333334,0,0,1,1,10,0,2,0,0,0.0,72.3,0.0,IT Ops
user024,2026-06-27,5,1,,,0,0,0,0,11,0,2,0,0,0.0,68.3,0.0,IT Ops
user024,2026-06-28,6,1,,,0,0,0,0,20,0,9,0,0,0.0,106.1,0.0,IT Ops
user024,2026-06-29,0,0,7.383333333333334,7.383333333333334,0,0,1,1,16,0,6,0,0,0.0,86.8,0.0,IT Ops
user025,2026-05-01,4,0,10.183333333333334,10.183333333333334,0,0,1,1,20,0,3,0,0,0.0,19.7,19.7,Sales
user025,2026-05-02,5,1,,,0,0,0,0,13,0,2,0,0,0.0,42.0,0.0,Sales
user025,2026-05-03,6,1,,,0,0,0,0,12,0,5,0,0,0.0,35.7,0.0,Sales
user025,2026-05-04,0,0,10.9,10.9,0,0,1,1,25,0,7,0,0,0.0,17.0,0.0,Sales
user025,2026-05-05,1,0,10.266666666666667,10.266666666666667,0,0,1,1,23,0,3,0,0,0.0,33.2,0.0,Sales
user025,2026-05-06,2,0,10.583333333333334,10.583333333333334,0,0,1,1,17,0,7,0,0,0.0,44.5,0.0,Sales
user025,2026-05-07,3,0,10.0,10.0,0,0,1,1,18,0,5,0,0,0.0,41.0,41.0,Sales
user025,2026-05-08,4,0,9.966666666666667,9.966666666666667,0,0,1,1,16,0,5,0,0,0.0,3.7,0.0,Sales
user025,2026-05-09,5,1,,,0,0,0,0,15,0,3,0,0,0.0,11.4,11.4,Sales
user025,2026-05-10,6,1,,,0,0,0,0,10,0,3,0,0,0.0,32.9,32.9,Sales
user025,2026-05-11,0,0,10.616666666666667,10.616666666666667,0,0,1,1,9,0,5,0,0,0.0,25.0,0.0,Sales
user025,2026-05-12,1,0,8.966666666666667,8.966666666666667,0,0,1,1,20,0,6,0,0,0.0,41.4,41.4,Sales
user025,2026-05-13,2,0,10.283333333333333,10.283333333333333,0,0,1,1,17,0,6,0,0,0.0,38.2,0.0,Sales
user025,2026-05-14,3,0,10.35,10.35,0,0,1,1,24,0,4,0,0,0.0,39.7,0.0,Sales
user025,2026-05-15,4,0,9.266666666666667,9.266666666666667,0,0,1,1,12,0,5,0,0,0.0,25.3,0.0,Sales
user025,2026-05-16,5,1,,,0,0,0,0,13,0,2,0,0,0.0,16.2,0.0,Sales
user025,2026-05-17,6,1,,,0,0,0,0,12,0,4,0,0,0.0,33.2,0.0,Sales
user025,2026-05-18,0,0,9.7,9.7,0,0,1,1,14,0,5,0,0,0.0,15.0,15.0,Sales
user025,2026-05-19,1,0,9.966666666666667,9.966666666666667,0,0,1,1,12,0,2,0,0,0.0,29.0,29.0,Sales
user025,2026-05-20,2,0,9.816666666666666,9.816666666666666,0,0,1,1,15,0,6,0,0,0.0,26.6,26.6,Sales
user025,2026-05-21,3,0,10.666666666666666,10.666666666666666,0,0,1,1,21,0,4,0,0,0.0,37.8,0.0,Sales
user025,2026-05-22,4,0,10.383333333333333,10.383333333333333,0,0,1,1,13,0,4,0,0,0.0,31.7,0.0,Sales
user025,2026-05-23,5,1,,,0,0,0,0,22,0,7,0,0,0.0,14.6,0.0,Sales
user025,2026-05-24,6,1,,,0,0,0,0,23,0,9,0,0,0.0,27.4,0.0,Sales
user025,2026-05-25,0,0,9.466666666666667,9.466666666666667,0,0,1,1,17,0,5,0,0,0.0,27.0,0.0,Sales
user025,2026-05-26,1,0,10.283333333333333,10.283333333333333,0,0,1,1,13,0,5,0,0,0.0,26.2,0.0,Sales
user025,2026-05-27,2,0,9.55,9.55,0,0,1,1,18,0,2,0,0,0.0,39.0,0.0,Sales
user025,2026-05-28,3,0,9.283333333333333,9.283333333333333,0,0,1,1,15,0,4,0,0,0.0,23.0,0.0,Sales
user025,2026-05-29,4,0,8.9,8.9,0,0,1,1,18,0,9,0,0,0.0,66.3,66.3,Sales
user025,2026-05-30,5,1,,,0,0,0,0,15,0,6,0,0,0.0,17.8,0.0,Sales
user025,2026-05-31,6,1,,,0,0,0,0,15,0,4,0,0,0.0,30.1,0.0,Sales
user025,2026-06-01,0,0,9.783333333333333,9.783333333333333,0,0,1,1,15,0,2,1,0,15.6,37.3,0.0,Sales
user025,2026-06-02,1,0,9.45,9.45,0,0,1,1,14,0,6,0,0,0.0,43.7,43.7,Sales
user025,2026-06-03,2,0,10.1,10.1,0,0,1,1,19,0,4,0,0,0.0,30.7,30.7,Sales
user025,2026-06-04,3,0,9.433333333333334,9.433333333333334,0,0,1,1,11,0,5,0,0,0.0,1.0,0.0,Sales
user025,2026-06-05,4,0,9.716666666666667,9.716666666666667,0,0,1,1,13,0,1,0,0,0.0,33.7,0.0,Sales
user025,2026-06-06,5,1,,,0,0,0,0,16,0,5,0,0,0.0,43.8,0.0,Sales
user025,2026-06-07,6,1,,,0,0,0,0,20,0,6,0,0,0.0,28.9,0.0,Sales
user025,2026-06-08,0,0,9.566666666666666,9.566666666666666,0,0,1,1,10,0,5,0,0,0.0,34.2,0.0,Sales
user025,2026-06-09,1,0,9.75,9.75,0,0,1,1,16,0,6,0,0,0.0,43.3,43.3,Sales
user025,2026-06-10,2,0,9.95,9.95,0,0,1,1,12,0,2,0,0,0.0,42.8,0.0,Sales
user025,2026-06-11,3,0,10.133333333333333,10.133333333333333,0,0,1,1,13,0,3,0,0,0.0,17.5,0.0,Sales
user025,2026-06-12,4,0,10.25,10.25,0,0,1,1,14,0,4,0,0,0.0,35.9,0.0,Sales
user025,2026-06-13,5,1,,,0,0,0,0,16,0,6,0,0,0.0,20.8,0.0,Sales
user025,2026-06-14,6,1,,,0,0,0,0,15,0,6,0,0,0.0,31.9,0.0,Sales
user025,2026-06-15,0,0,10.25,10.25,0,0,1,1,14,0,5,0,0,0.0,10.9,10.9,Sales
user025,2026-06-16,1,0,9.75,9.75,0,0,1,1,19,0,5,0,0,0.0,28.3,0.0,Sales
user025,2026-06-17,2,0,9.583333333333334,9.583333333333334,0,0,1,1,17,0,3,0,0,0.0,23.5,0.0,Sales
user025,2026-06-18,3,0,9.966666666666667,9.966666666666667,0,0,1,1,14,0,8,0,0,0.0,35.2,0.0,Sales
user025,2026-06-19,4,0,9.35,9.35,0,0,1,1,18,0,4,0,0,0.0,45.3,0.0,Sales
user025,2026-06-20,5,1,,,0,0,0,0,12,0,3,0,0,0.0,31.5,0.0,Sales
user025,2026-06-21,6,1,,,0,0,0,0,20,0,8,0,0,0.0,47.7,47.7,Sales
user025,2026-06-22,0,0,10.783333333333333,10.783333333333333,0,0,1,1,14,0,4,0,0,0.0,32.0,0.0,Sales
user025,2026-06-23,1,0,10.15,10.15,0,0,1,1,12,0,3,0,0,0.0,44.1,0.0,Sales
user025,2026-06-24,2,0,10.45,10.45,0,0,1,1,15,0,2,0,0,0.0,22.3,0.0,Sales
user025,2026-06-25,3,0,9.966666666666667,9.966666666666667,0,0,1,1,15,0,5,0,0,0.0,28.3,0.0,Sales
user025,2026-06-26,4,0,9.4,9.4,0,0,1,1,14,0,8,0,0,0.0,36.0,0.0,Sales
user025,2026-06-27,5,1,,,0,0,0,0,14,0,4,0,0,0.0,49.7,0.0,Sales
user025,2026-06-28,6,1,,,0,0,0,0,18,0,3,0,0,0.0,28.5,0.0,Sales
user025,2026-06-29,0,0,9.6,9.6,0,0,1,1,18,0,6,0,0,0.0,18.1,18.1,Sales
user026,2026-05-01,4,0,10.566666666666666,10.566666666666666,0,0,1,1,10,0,1,0,0,0.0,67.3,0.0,Engineering
user026,2026-05-02,5,1,,,0,0,0,0,4,0,1,0,0,0.0,70.6,0.0,Engineering
user026,2026-05-03,6,1,,,0,0,0,0,12,0,4,0,0,0.0,82.0,0.0,Engineering
user026,2026-05-04,0,0,9.65,9.65,0,0,1,1,13,0,5,0,0,0.0,87.5,0.0,Engineering
user026,2026-05-05,1,0,9.966666666666667,9.966666666666667,0,0,1,1,10,0,5,0,0,0.0,68.0,68.0,Engineering
user026,2026-05-06,2,0,9.233333333333333,9.233333333333333,0,0,1,1,6,0,2,0,0,0.0,67.2,0.0,Engineering
user026,2026-05-07,3,0,9.383333333333333,9.383333333333333,0,0,1,1,14,0,5,0,0,0.0,80.0,0.0,Engineering
user026,2026-05-08,4,0,8.783333333333333,8.783333333333333,0,0,1,1,7,0,4,0,0,0.0,80.1,0.0,Engineering
user026,2026-05-09,5,1,,,0,0,0,0,12,0,3,0,0,0.0,67.0,0.0,Engineering
user026,2026-05-10,6,1,,,0,0,0,0,6,0,1,0,0,0.0,86.3,0.0,Engineering
user026,2026-05-11,0,0,9.066666666666666,9.066666666666666,0,0,1,1,6,0,1,0,0,0.0,68.0,0.0,Engineering
user026,2026-05-12,1,0,9.65,9.65,0,0,1,1,5,0,3,0,0,0.0,63.4,0.0,Engineering
user026,2026-05-13,2,0,9.316666666666666,9.316666666666666,0,0,1,1,10,0,4,0,0,0.0,61.6,0.0,Engineering
user026,2026-05-14,3,0,11.283333333333333,11.283333333333333,0,0,1,1,12,0,6,0,0,0.0,93.1,0.0,Engineering
user026,2026-05-15,4,0,9.6,9.6,0,0,1,1,8,0,2,0,0,0.0,89.1,89.1,Engineering
user026,2026-05-16,5,1,,,0,0,0,0,4,0,1,0,0,0.0,82.8,82.8,Engineering
user026,2026-05-17,6,1,10.083333333333334,10.083333333333334,0,0,1,1,5,0,1,0,0,0.0,72.1,0.0,Engineering
user026,2026-05-18,0,0,9.883333333333333,9.883333333333333,0,0,1,1,3,0,1,0,0,0.0,55.4,0.0,Engineering
user026,2026-05-19,1,0,9.683333333333334,9.683333333333334,0,0,1,1,9,0,2,0,0,0.0,59.9,0.0,Engineering
user026,2026-05-20,2,0,8.766666666666667,8.766666666666667,0,0,1,1,8,0,3,0,0,0.0,66.6,0.0,Engineering
user026,2026-05-21,3,0,8.583333333333334,8.583333333333334,0,0,1,1,12,0,4,0,0,0.0,74.1,0.0,Engineering
user026,2026-05-22,4,0,9.766666666666667,9.766666666666667,0,0,1,1,7,0,1,1,1,7.9,88.4,0.0,Engineering
user026,2026-05-23,5,1,,,0,0,0,0,19,0,6,0,0,0.0,65.9,0.0,Engineering
user026,2026-05-24,6,1,,,0,0,0,0,9,0,3,0,0,0.0,83.6,0.0,Engineering
user026,2026-05-25,0,0,10.416666666666666,10.416666666666666,0,0,1,1,6,0,2,0,0,0.0,72.8,0.0,Engineering
user026,2026-05-26,1,0,10.216666666666667,10.216666666666667,0,0,1,1,10,0,5,0,0,0.0,76.7,0.0,Engineering
user026,2026-05-27,2,0,9.416666666666666,9.416666666666666,0,0,1,1,11,0,1,0,0,0.0,92.5,92.5,Engineering
user026,2026-05-28,3,0,8.583333333333334,8.583333333333334,0,0,1,1,12,0,3,0,0,0.0,71.0,0.0,Engineering
user026,2026-05-29,4,0,9.816666666666666,9.816666666666666,0,0,1,1,11,0,4,0,0,0.0,72.4,0.0,Engineering
user026,2026-05-30,5,1,,,0,0,0,0,16,0,6,0,0,0.0,102.7,0.0,Engineering
user026,2026-05-31,6,1,,,0,0,0,0,7,0,2,0,0,0.0,80.0,0.0,Engineering
user026,2026-06-01,0,0,10.183333333333334,10.183333333333334,0,0,1,1,4,0,2,1,1,21.7,105.9,105.9,Engineering
user026,2026-06-02,1,0,10.25,10.25,0,0,1,1,7,0,3,0,0,0.0,66.3,0.0,Engineering
user026,2026-06-03,2,0,10.383333333333333,10.383333333333333,0,0,1,1,7,0,3,0,0,0.0,77.6,0.0,Engineering
user026,2026-06-04,3,0,9.05,9.05,0,0,1,1,10,0,2,0,0,0.0,93.3,0.0,Engineering
user026,2026-06-05,4,0,9.516666666666667,9.516666666666667,0,0,1,1,14,0,4,0,0,0.0,93.9,0.0,Engineering
user026,2026-06-06,5,1,,,0,0,0,0,3,0,0,0,0,0.0,92.3,0.0,Engineering
user026,2026-06-07,6,1,,,0,0,0,0,11,0,1,0,0,0.0,89.0,0.0,Engineering
user026,2026-06-08,0,0,10.7,10.7,0,0,1,1,9,0,4,0,0,0.0,104.2,0.0,Engineering
user026,2026-06-09,1,0,10.25,10.25,0,0,1,1,15,0,5,0,0,0.0,43.2,0.0,Engineering
user026,2026-06-10,2,0,10.05,10.05,0,0,1,1,10,0,5,0,0,0.0,66.3,0.0,Engineering
user026,2026-06-11,3,0,10.883333333333333,10.883333333333333,0,0,1,1,6,0,2,0,0,0.0,80.0,0.0,Engineering
user026,2026-06-12,4,0,10.583333333333334,10.583333333333334,0,0,1,1,9,0,3,0,0,0.0,68.6,0.0,Engineering
user026,2026-06-13,5,1,,,0,0,0,0,12,0,6,0,0,0.0,72.3,0.0,Engineering
user026,2026-06-14,6,1,,,0,0,0,0,11,0,4,0,0,0.0,61.4,61.4,Engineering
user026,2026-06-15,0,0,11.016666666666667,11.016666666666667,0,0,1,1,11,0,1,0,0,0.0,88.6,0.0,Engineering
user026,2026-06-16,1,0,10.766666666666667,10.766666666666667,0,0,1,1,6,0,1,1,1,14.8,61.9,0.0,Engineering
user026,2026-06-17,2,0,9.583333333333334,9.583333333333334,0,0,1,1,9,0,3,0,0,0.0,50.4,0.0,Engineering
user026,2026-06-18,3,0,8.633333333333333,8.633333333333333,0,0,1,1,4,0,1,0,0,0.0,62.4,0.0,Engineering
user026,2026-06-19,4,0,9.95,9.95,0,0,1,1,5,0,3,0,0,0.0,82.0,82.0,Engineering
user026,2026-06-20,5,1,,,0,0,0,0,14,0,8,0,0,0.0,94.3,0.0,Engineering
user026,2026-06-21,6,1,,,0,0,0,0,10,0,5,0,0,0.0,68.6,0.0,Engineering
user026,2026-06-22,0,0,9.65,9.65,0,0,1,1,3,0,1,0,0,0.0,51.1,51.1,Engineering
user026,2026-06-23,1,0,10.366666666666667,10.366666666666667,0,0,1,1,2,0,0,0,0,0.0,74.2,0.0,Engineering
user026,2026-06-24,2,0,9.6,9.6,0,0,1,1,9,0,3,0,0,0.0,89.7,0.0,Engineering
user026,2026-06-25,3,0,9.383333333333333,9.383333333333333,0,0,1,1,12,0,3,0,0,0.0,68.4,68.4,Engineering
user026,2026-06-26,4,0,9.883333333333333,9.883333333333333,0,0,1,1,11,0,2,0,0,0.0,63.3,63.3,Engineering
user026,2026-06-27,5,1,,,0,0,0,0,8,0,3,0,0,0.0,82.9,0.0,Engineering
user026,2026-06-28,6,1,,,0,0,0,0,6,0,2,0,0,0.0,50.5,0.0,Engineering
user026,2026-06-29,0,0,10.133333333333333,10.133333333333333,0,0,1,1,0,0,0,0,0,0.0,83.8,0.0,Engineering
